ts,open,high,low,close,volume
2025-09-21 02:00:00,115573.4615,115794.425,115502.44,115770.755,8.832e-06
2025-09-21 03:00:00,115749.845,115822.29,115656.876,115730.4865,8.464e-06
2025-09-21 04:00:00,115739.342,115828.97,115541.1955,115569.2685,0.00051249
2025-09-21 05:00:00,115483.9,115773.94,115483.9,115773.94,1.0009975
2025-09-21 06:00:00,115759.5,115906.2915,115704.965,115769.3795,0.022006851
2025-09-21 07:00:00,115744.38,115863.735,115665.039,115843.05,0.003219925
2025-09-21 08:00:00,115835.1085,115858.1055,115552.52,115714.775,0.020161584
2025-09-21 09:00:00,115702.585,115797.63,115374.416,115740.272,0.02238112
2025-09-21 10:00:00,115773.4665,115808.0645,115553.063,115595.809,0.00433374
2025-09-21 11:00:00,115583.75,115782.91,115569.229,115674.923,0.009009107
2025-09-21 12:00:00,115728.7,115828.8,115616.61,115715.5,0.000342684
2025-09-21 13:00:00,115730.51,115854.2,115683.09,115701.665,0.002230188
2025-09-21 14:00:00,115744.9625,115815.0,115547.2055,115570.551,0.018461037
2025-09-21 15:00:00,115581.85,115754.1,115497.0,115599.75,0.007349672
2025-09-21 16:00:00,115588.665,115690.5,114882.0,115418.6285,0.013212188
2025-09-21 17:00:00,115382.657,115714.183,115303.102,115629.085,0.004178473
2025-09-21 18:00:00,115634.55,115769.7,115515.2,115630.075,0.012721563
2025-09-21 19:00:00,115603.7625,115673.118,115357.959,115556.597,0.016376126
2025-09-21 20:00:00,115546.74,115584.5195,115381.355,115381.355,0.003139265
2025-09-21 21:00:00,115404.71,115515.805,115297.451,115481.705,0.000127346
2025-09-21 22:00:00,115477.988,115653.1105,115265.839,115634.56,0.002212061
2025-09-21 23:00:00,115612.71,115636.6705,115235.7,115287.91,0.00872156
2025-09-22 00:00:00,115273.56,115882.0,114363.6190085297,114476.022,0.043857214
2025-09-22 01:00:00,114458.55,114842.187,114349.3690085297,114358.5990085297,0.006951781
2025-09-22 02:00:00,114379.4690085297,114678.697,114201.0,114254.29,0.004986756
2025-09-22 03:00:00,114263.83,114732.93,114245.25,114720.1725,0.021019997
2025-09-22 04:00:00,114705.042,114776.91,114432.0,114466.92,0.0334274
2025-09-22 05:00:00,114489.19,115284.0304991706,113713.15,113752.6835,0.026344156
2025-09-22 06:00:00,113772.405,115169.5145514343,111937.765,112918.9605,0.500938396
2025-09-22 07:00:00,112890.3255,113144.57,112545.3345,112604.889,0.003945136
2025-09-22 08:00:00,112601.02,112969.51,112518.5435,112698.2625,0.268371918
2025-09-22 09:00:00,112731.309,112783.3815,112211.013,112420.69,0.467024819
2025-09-22 10:00:00,112441.545,112933.95,112326.687,112845.005,0.016480207
2025-09-22 11:00:00,112861.7195,113079.88,112755.2855,112952.429,0.007877426
2025-09-22 12:00:00,113046.158,113046.158,112585.441,112800.169,0.08205128
2025-09-22 13:00:00,112826.035,113260.014,112455.2355,113245.4445,0.067562765
2025-09-22 14:00:00,113234.761,113541.9675,112853.205,113019.6965,0.070653334
2025-09-22 15:00:00,113040.175,113128.604,112629.0,112878.766,0.072024479
2025-09-22 16:00:00,112902.1875,112996.7385,112651.88,112682.63,0.113749233
2025-09-22 17:00:00,112671.205,112716.6,112304.08,112462.325,0.051926201
2025-09-22 18:00:00,112448.4855,112917.016,112357.49,112526.325625,0.218209303
2025-09-22 19:00:00,112563.430625,112744.453,112001.45,112189.849,0.143957236
2025-09-22 20:00:00,112195.5065,113077.76,112045.97,112871.415,0.007076677
2025-09-22 21:00:00,112865.45,113083.488,112654.446,113074.7745,0.031012705
2025-09-22 22:00:00,113036.965,113041.15,112665.47,112724.29,0.087531008
2025-09-22 23:00:00,112738.04,112843.47,112667.68,112736.454,0.000364971
2025-09-23 00:00:00,112793.04375,112950.06,112460.01,112464.438,0.041976853
2025-09-23 01:00:00,112464.8335,112616.286,112217.496,112249.623,0.008638582
2025-09-23 02:00:00,112273.842,112601.5515,111725.3,111891.01,0.001358254
2025-09-23 03:00:00,111915.2165,112587.213,111557.85,112434.255,0.014024811
2025-09-23 04:00:00,112455.27,112585.79,111947.439,112545.185,0.045077558
2025-09-23 05:00:00,112548.885,112977.696,112487.78,112727.0155,0.029356355
2025-09-23 06:00:00,112779.6765,113184.733,112662.85,113054.255,0.042881226
2025-09-23 07:00:00,113054.771,113263.84,112934.36,113172.655,0.01823825
2025-09-23 08:00:00,113162.5,113268.234,112983.685,113205.5865,0.008813132
2025-09-23 09:00:00,113193.58,113364.7385,112928.45,112988.155,0.005547244
2025-09-23 10:00:00,113013.663,113163.899,112849.915,113025.68,0.018349573
2025-09-23 11:00:00,113028.01,113166.297,112737.97,113082.8445,0.055330649
2025-09-23 12:00:00,113035.515,113158.39,112890.07,113006.0775,0.045073291
2025-09-23 13:00:00,112999.376,113109.5,112765.485,113006.9225,0.17975183
2025-09-23 14:00:00,113016.525,113537.412614,112662.85,112715.775,0.11687829
2025-09-23 15:00:00,112719.825,113162.442,112662.85,112934.8405,0.147177608
2025-09-23 16:00:00,112923.915,113537.412614,112567.095,112890.395,0.165685172
2025-09-23 17:00:00,112873.585,112888.6155,111897.95,111998.5,0.111918336
2025-09-23 18:00:00,112000.3095,112264.095,111701.475,111786.3,0.067204883
2025-09-23 19:00:00,111794.7,112053.1,111506.74,111692.0,0.201221174
2025-09-23 20:00:00,111665.785,112034.91,111492.87,112028.2785,0.000805784
2025-09-23 21:00:00,112035.965,112264.2,111924.5475,112207.1315,0.001311879
2025-09-23 22:00:00,112297.063,112298.476,112029.29,112210.865,0.001481927
2025-09-23 23:00:00,112249.8,112288.0,111898.85,112019.76,0.001720378
2025-09-24 00:00:00,112015.155,112468.183,111850.6245,112253.15,0.04432574
2025-09-24 01:00:00,112256.6045,112542.989,112157.1845,112479.0,0.005251695
2025-09-24 02:00:00,112474.11,112535.05,111911.185,112147.0645,0.001418659
2025-09-24 03:00:00,112139.26,112268.3025,111702.145,111739.82,0.004439301
2025-09-24 04:00:00,111716.241,112883.3275154775,111122.577421182,112199.5025,0.021757895
2025-09-24 05:00:00,112197.5875,112749.0,112155.19,112661.5155,0.034695075
2025-09-24 06:00:00,112662.2,112834.468,112520.0,112620.5655,0.001888268
2025-09-24 07:00:00,112640.318,112791.4,112531.22,112628.93,0.002571125
2025-09-24 08:00:00,112654.285,112698.18,112423.5505,112629.555,0.008388994
2025-09-24 09:00:00,112645.245,112894.4,112498.24,112751.241,0.198282643
2025-09-24 10:00:00,112777.985,112961.05,112598.06,112939.55,0.735552736
2025-09-24 11:00:00,112957.352,113212.35,112887.6,113083.0265,0.024782705
2025-09-24 12:00:00,113062.915,113196.93,112956.295,113074.09,0.212219321
2025-09-24 13:00:00,113139.76,113277.6145,112828.0,112851.42,0.162599284
2025-09-24 14:00:00,112887.14,113954.3435,112885.325,113768.74,0.010985877
2025-09-24 15:00:00,113767.8555,114028.5,113299.315,113372.332,0.047831519
2025-09-24 16:00:00,113416.83,113865.57,113171.04,113782.4575,0.034815376
2025-09-24 17:00:00,113729.708,114023.447,113660.525,113801.504,0.138275695
2025-09-24 18:00:00,113811.353,113940.68,113533.35,113684.97,0.068957935
2025-09-24 19:00:00,113726.641,113796.07,113315.23,113472.5485,0.203900766
2025-09-24 20:00:00,113462.89,113710.263,113443.958,113557.085,0.004177133
2025-09-24 21:00:00,113577.4415,113727.5,113318.57,113398.4065,0.018272754
2025-09-24 22:00:00,113406.015,113716.0335,113279.35,113379.9,0.000599314
2025-09-24 23:00:00,113394.309,113488.4,113234.1,113330.6525,0.000871929
2025-09-25 00:00:00,113350.75,113570.599,113000.572,113094.285,0.044124455
2025-09-25 01:00:00,113111.1395,113424.495,112525.24,112697.29,0.086106616
2025-09-25 02:00:00,112699.299,113237.0375,112554.55,112925.465,0.000476948
2025-09-25 03:00:00,112904.255,112936.105,112231.03,112540.5655,0.229173337
2025-09-25 04:00:00,112546.445,112816.987614,111543.72,111734.254,0.118631394
2025-09-25 05:00:00,111724.942,112057.7295,111583.06,111754.594,0.323856068
2025-09-25 06:00:00,111763.789,111886.725,111514.915,111546.544,0.013359794
2025-09-25 07:00:00,111527.755,111922.771,111465.08,111780.004,0.039782261
2025-09-25 08:00:00,111821.953,112074.73,111687.4,111762.61,0.109676957
2025-09-25 09:00:00,111762.9115,112281.0895,111584.5115,111584.5115,0.173034106
2025-09-25 10:00:00,111587.915,111949.4,111530.56,111659.1045,0.004974753
2025-09-25 11:00:00,111671.488,111771.489,111315.51,111371.192,0.462639772
2025-09-25 12:00:00,111363.3945,112463.7918781725,111146.572463054,111182.752463054,0.006347995
2025-09-25 13:00:00,111178.402463054,112123.7278387635,110578.6,111010.7495,0.15981603
2025-09-25 14:00:00,111030.45,112123.7278387635,110967.556,111592.549,0.096877799
2025-09-25 15:00:00,111572.8455,111710.885,110902.551,111664.055,0.19233829
2025-09-25 16:00:00,111656.695,111836.08,110920.254,111023.275,0.144868847
2025-09-25 17:00:00,110997.543,111227.093596059,108665.9815,108878.057,0.311398294
2025-09-25 18:00:00,108871.8875,110187.1921182265,108661.585,109761.0295,0.104547845
2025-09-25 19:00:00,109832.797,110019.875,109254.0,109385.225,0.167511184
2025-09-25 20:00:00,109384.98,109575.256,109080.167,109213.09,0.011834721
2025-09-25 21:00:00,109220.393,109763.96,109097.6,109427.605,0.013480884
2025-09-25 22:00:00,109462.5755,109646.68,109289.121,109485.965,0.083614727
2025-09-25 23:00:00,109460.5025,110187.1921182265,108794.7375,109031.745,0.024457893
2025-09-26 00:00:00,109028.9785,109684.3,108847.49,109508.8,0.053638088
2025-09-26 01:00:00,109532.301,109864.55,109355.2195,109734.9,0.051259687
2025-09-26 02:00:00,109734.45,109874.33,109528.1,109687.35,0.009998006
2025-09-26 03:00:00,109670.4855,109727.897,109326.075,109643.9395,0.026567521
2025-09-26 04:00:00,109711.5,109711.5,109278.131,109389.96,0.029891263
2025-09-26 05:00:00,109459.49,109698.36,109106.4,109316.5075,0.07071032
2025-09-26 06:00:00,109299.37,109715.48,109070.085,109441.181,0.050281804
2025-09-26 07:00:00,109442.5345,109675.184,108980.3,109405.75,0.03662657
2025-09-26 08:00:00,109412.055,109718.43,109377.469,109662.665,0.023962784
2025-09-26 09:00:00,109719.65,109815.62,109446.0625,109642.817,0.058713962
2025-09-26 10:00:00,109643.46,109643.46,108760.7815,108975.385,0.133256762
2025-09-26 11:00:00,108967.74,109263.05,108665.135,109196.4325,0.045797425
2025-09-26 12:00:00,109179.2225,109651.5905,108842.0371182265,109442.561,0.045426511
2025-09-26 13:00:00,109452.15,109856.218275,109034.507,109743.65,2.093612286
2025-09-26 14:00:00,109747.77,109855.185,108805.055,108913.915,0.052723506
2025-09-26 15:00:00,108908.335,109443.46,108848.2845,109057.4205,0.204761676
2025-09-26 16:00:00,109104.027,109681.717,109023.6,109494.0645,0.085122566
2025-09-26 17:00:00,109498.6135,110092.58,109421.655,109961.355,0.04434843
2025-09-26 18:00:00,109979.075,110403.216,109750.989,109790.8335,0.033739784
2025-09-26 19:00:00,109788.4765,109859.552,109064.728,109245.774,0.166400276
2025-09-26 20:00:00,109220.958,109475.6,109093.8,109366.985,0.023377652
2025-09-26 21:00:00,109437.87,109644.49,109187.3,109520.6245,0.022191796
2025-09-26 22:00:00,109542.7,109753.188,109318.454,109634.985,0.004103689
2025-09-26 23:00:00,109714.1,109809.875,109411.4,109695.45,0.003721432
2025-09-27 00:00:00,109757.9,109806.68,109475.996,109689.235,0.043160787
2025-09-27 01:00:00,109764.17,109786.821,109321.901,109494.3405,0.016594241
2025-09-27 02:00:00,109589.65,109589.65,109319.5,109461.895,0.085020175
2025-09-27 03:00:00,109552.59,109834.1,109434.4925,109633.24,0.004596794
2025-09-27 04:00:00,109712.17,109850.32,109569.655,109710.545,0.001986645
2025-09-27 05:00:00,109772.5,109847.2,109637.7,109709.5725,0.002185533
2025-09-27 06:00:00,109797.7,109797.7,109517.141356805,109583.951,0.030368756
2025-09-27 07:00:00,109660.202,109673.81,109368.089,109421.665,0.013273783
2025-09-27 08:00:00,109406.2,109467.8,109301.335,109311.515,0.053594854
2025-09-27 09:00:00,109314.48,109418.38,109101.644,109349.166,0.01027
2025-09-27 10:00:00,109337.4,109555.25,109302.4725,109466.7065,0.005917766
2025-09-27 11:00:00,109477.7,109521.27,109318.54,109391.665,0.022560915
2025-09-27 12:00:00,109377.0375,109549.392,109272.053,109446.13,0.048149868
2025-09-27 13:00:00,109538.33,109538.33,109322.659,109371.295,0.019746439
2025-09-27 14:00:00,109425.79,109538.4,109300.6155,109359.95,0.069638775
2025-09-27 15:00:00,109356.74,109550.26,109214.996,109461.048,0.084053715
2025-09-27 16:00:00,109554.696,110002.3992385785,109346.33,109426.945,0.00672221
2025-09-27 17:00:00,109424.2685,109473.6625,109281.045,109444.306,0.0
2025-09-27 18:00:00,109399.81,109542.5,109372.343,109490.36,0.002645202
2025-09-27 19:00:00,109496.296,109568.309,109373.5,109464.765,0.067111808
2025-09-27 20:00:00,109473.8315,109548.2,109356.061,109433.634,0.012970277
2025-09-27 21:00:00,109458.075,109622.3,109404.62,109510.62,0.001924484
2025-09-27 22:00:00,109572.546,109817.09,109510.62,109654.177,0.000531326
2025-09-27 23:00:00,109663.584,109748.222,109508.115,109692.019,0.000268414
2025-09-28 00:00:00,109789.458,109852.35,109579.84,109686.89,0.001255445
2025-09-28 01:00:00,109690.125,109736.886,109351.5,109409.85,0.003119981
2025-09-28 02:00:00,109407.346,109591.57,109359.865,109493.287,0.009356509
2025-09-28 03:00:00,109484.85,109648.08,109407.82,109475.5675,0.0951016
2025-09-28 04:00:00,109548.535,109560.2,109402.334,109417.9,0.00524311
2025-09-28 05:00:00,109353.0,109542.9,109353.0,109408.6755,0.022639164
2025-09-28 06:00:00,109402.002,109518.072,109213.41,109468.125,0.000148037
2025-09-28 07:00:00,109473.135,109684.9,109378.4085,109552.3245,0.051924451
2025-09-28 08:00:00,109638.74,109705.45,109486.61,109560.51,0.058140894
2025-09-28 09:00:00,109573.0615,109621.57,109361.035,109571.611,0.005244777
2025-09-28 10:00:00,109541.595,109560.401,109393.615,109422.05,0.000440836
2025-09-28 11:00:00,109397.7925,109503.58,109259.58,109422.5,0.01032353
2025-09-28 12:00:00,109410.5905,109534.59,109224.597,109363.816,0.016869312
2025-09-28 13:00:00,109392.095,109724.731,109369.882,109660.7715,0.021897797
2025-09-28 14:00:00,109678.45,109934.6585,109593.745,109866.955,0.100414315
2025-09-28 15:00:00,109876.0,110090.1395,109734.82,110052.145,0.119712491
2025-09-28 16:00:00,110129.1,110373.1395230495,110021.975,110221.845,0.500502133
2025-09-28 17:00:00,110210.85,110465.79,110150.0,110246.85,0.009254568
2025-09-28 18:00:00,110212.53,110343.5585,110085.75,110343.5585,0.001204351
2025-09-28 19:00:00,110321.478,110505.6,110130.7,110357.918,0.072638915
2025-09-28 20:00:00,110367.8565,110965.6785383736,110308.665,110861.981,0.066360556
2025-09-28 21:00:00,110875.2925,110937.9,110670.0,110874.1685,0.002042202
2025-09-28 22:00:00,110887.2785383736,112056.935,110875.9275,111962.2535,0.402001836
2025-09-28 23:00:00,111984.921,112397.3525,111984.921,112188.55,0.006190472
2025-09-29 00:00:00,112215.05,112365.193,112025.583,112290.372,0.001319277
2025-09-29 01:00:00,112326.25,112365.031,111754.41,111903.86,0.00148744
2025-09-29 02:00:00,111893.212,112081.954,111658.11,111812.375,0.03104533
2025-09-29 03:00:00,111799.915,111938.8245,111608.85,111938.8245,0.001485371
2025-09-29 04:00:00,111922.5545,112011.857,111776.942,111868.225,0.025551835
2025-09-29 05:00:00,111806.61,111915.9,111596.535,111791.3,0.00156702
2025-09-29 06:00:00,111823.7005,111928.52,111661.1,111672.3955,0.002024157
2025-09-29 07:00:00,111672.277,111959.096,111588.0065,111939.742,0.018989451
2025-09-29 08:00:00,111919.575,112458.1655,111910.89,112116.875,2.7746e-05
2025-09-29 09:00:00,112131.35,112255.135,112014.1,112136.4785,0.010675687
2025-09-29 10:00:00,112124.02,112287.545,112054.9495,112132.5235,0.003814241
2025-09-29 11:00:00,112131.3565,112237.3,111939.5,112147.2,0.00480593
2025-09-29 12:00:00,112162.515,112561.5,111965.513,112069.15,0.001477659
2025-09-29 13:00:00,112087.3395,113556.535,111938.755,113270.111,0.207471803
2025-09-29 14:00:00,113277.72,114294.165,113262.51,114096.89,0.112062494
2025-09-29 15:00:00,114142.47,114196.7675,113747.9095,113891.285,0.112786384
2025-09-29 16:00:00,113884.355,114145.945,113320.2613054185,113671.766,0.197357752
2025-09-29 17:00:00,113633.9,114244.336,113518.94,114145.23,0.158776992
2025-09-29 18:00:00,114127.51,114308.776,113942.6,114115.1955,0.012934248
2025-09-29 19:00:00,114066.86,114546.9,113893.333,114351.67,0.34384604
2025-09-29 20:00:00,114335.465,114509.1795,114182.2345,114309.6725,0.000166484
2025-09-29 21:00:00,114334.015,114454.9,114153.927,114244.7735,0.003277032
2025-09-29 22:00:00,114249.6,114315.4745,114074.3315,114262.85,0.001722329
2025-09-29 23:00:00,114326.3,114472.82,114244.52,114378.43,0.021281486
2025-09-30 00:00:00,114346.505,114803.865,113570.2613054185,114612.25,0.002907616
2025-09-30 01:00:00,114576.405,114820.715,114288.36,114585.3,0.015427049
2025-09-30 02:00:00,114564.395,114746.0,114435.684,114519.4765,0.002780905
2025-09-30 03:00:00,114537.389,114603.1305,114321.791,114429.41,0.002309109
2025-09-30 04:00:00,114431.385,114500.0,114154.21,114163.205,0.006820537
2025-09-30 05:00:00,114163.205005,114230.11,113878.44,113975.045,0.6340094
2025-09-30 06:00:00,113953.985,114172.23,113881.9345,113963.306,0.028868044
2025-09-30 07:00:00,113955.237,114077.67,113640.854,113757.88,0.0112613
2025-09-30 08:00:00,113741.25,113815.17,113406.6905,113516.904,0.007766983
2025-09-30 09:00:00,113503.91,113523.15,112847.526,112861.864,0.201619256
2025-09-30 10:00:00,112872.905,113129.435,112680.118,112961.765,0.1207628
2025-09-30 11:00:00,112956.75,113189.9325,112832.6,113077.775,0.047870521
2025-09-30 12:00:00,113091.425,113340.03,113015.28,113041.62,0.00164134
2025-09-30 13:00:00,113049.48,113733.5105,112904.1,113458.25,0.352555567
2025-09-30 14:00:00,113453.185,113679.9605,112939.244,113653.471,0.045881421
2025-09-30 15:00:00,113640.95,113640.95,112953.546970443,113130.626,0.021738479
2025-09-30 16:00:00,113142.24,113373.216970443,112799.875,112860.955,0.025730589
2025-09-30 17:00:00,112863.62,113549.86,112816.829,113267.02,0.000740408
2025-09-30 18:00:00,113269.25,113826.12,113180.2,113707.2,0.014056281
2025-09-30 19:00:00,113724.8,114673.25,113654.9,114373.184,0.066110844
2025-09-30 20:00:00,114390.5,114722.86129,114130.04,114636.697,0.119396713
2025-09-30 21:00:00,114660.75,114818.11,114146.055,114192.255,0.004560161
2025-09-30 22:00:00,114201.32,114393.77,113904.775,113969.495,0.011935856
2025-09-30 23:00:00,113940.25,114071.25,113777.4,114071.25,0.111750526
2025-10-01 00:00:00,114083.5975,114318.42,113971.25,114259.217,0.007874422
2025-10-01 01:00:00,114255.745,114590.99,114144.955,114552.466,0.005384522
2025-10-01 02:00:00,114567.925,114589.8125,114286.28,114296.1675,0.0
2025-10-01 03:00:00,114312.1945,114564.06,114116.8595,114202.1605,0.033356148
2025-10-01 04:00:00,114210.2385,114742.5205,114153.3,114310.43,0.004352163
2025-10-01 05:00:00,114334.2,114769.135,114270.574,114595.341,0.029616156
2025-10-01 06:00:00,114599.69,114656.25,114239.0125,114266.675,0.008869712
2025-10-01 07:00:00,114253.0,114641.075,114221.045,114570.93,0.005797118
2025-10-01 08:00:00,114570.6835,116605.743,114472.252,116162.8235,0.046987175
2025-10-01 09:00:00,116164.83,116595.973,115982.6425,116443.492,0.126279189
2025-10-01 10:00:00,116456.365,116660.894,116218.3,116312.0525,0.018338749
2025-10-01 11:00:00,116306.225,116805.61,116305.162,116793.965,0.130740838
2025-10-01 12:00:00,116800.935,116966.55,116365.61,116458.69,0.04946231
2025-10-01 13:00:00,116439.45,116899.623,116424.3,116870.558,0.06829067
2025-10-01 14:00:00,116878.9825,117603.3,116752.35,117351.5665,0.036086175
2025-10-01 15:00:00,117357.63,117678.1873,117172.1025,117491.937,0.066135335
2025-10-01 16:00:00,117495.14,118249.405837563,117274.5523,117629.077,0.108971253
2025-10-01 17:00:00,117579.45,117766.25,116752.53,116825.75,0.704931139
2025-10-01 18:00:00,116890.6,117429.915,116798.8195,117279.98,0.045967078
2025-10-01 19:00:00,117287.6,117686.645,117260.7085,117490.66,0.030563344
2025-10-01 20:00:00,117500.11,117604.95,117204.383,117582.546,0.033947025
2025-10-01 21:00:00,117608.85,117662.9575,117381.95,117611.015,0.001837364
2025-10-01 22:00:00,117646.85,118177.6,117622.9885,117826.95,0.010300612
2025-10-01 23:00:00,117786.272,118720.5815,117742.15,118655.86,0.046831731
2025-10-02 00:00:00,118609.338875,119461.7725,118461.33,118498.715,0.099868696
2025-10-02 01:00:00,118518.342,118950.691,118418.0575,118709.95,0.222015743
2025-10-02 02:00:00,118697.806,118878.96,118467.772,118844.05,0.00212838
2025-10-02 03:00:00,118816.2,119136.1115,118751.2,118800.4365,0.436313793
2025-10-02 04:00:00,118778.994,119104.3,118487.55,118719.535,0.093889387
2025-10-02 05:00:00,118701.1385,118737.021,118377.015,118449.988,0.22605373
2025-10-02 06:00:00,118436.9785,118745.4735,118387.66,118728.839,0.098426748
2025-10-02 07:00:00,118761.152,118815.801,118447.27,118549.005,0.088359198
2025-10-02 08:00:00,118545.315,118835.529,118415.365,118747.0965,0.29648237
2025-10-02 09:00:00,118733.342,118927.7855,118615.3055,118927.6755,0.000406655
2025-10-02 10:00:00,118947.5,119017.3,118700.0,118728.47,0.001076122
2025-10-02 11:00:00,118712.507,118957.4,118584.2835,118839.825,0.044394886
2025-10-02 12:00:00,118829.222,119520.81,118797.851,119437.1442725,0.009204407
2025-10-02 13:00:00,119447.3392725,119840.03,118969.6405,119701.575,0.209152036
2025-10-02 14:00:00,119614.4,119839.51,118737.295,118888.5845,1.808132826
2025-10-02 15:00:00,118876.0,120018.0,118586.87,119966.65,0.492803082
2025-10-02 16:00:00,119984.785,120407.83,119647.0,119826.971,0.256650004
2025-10-02 17:00:00,119832.554,120055.606,119423.521,120009.254,0.345510552
2025-10-02 18:00:00,120005.34,120742.721535,119972.674,120618.9,0.120726322
2025-10-02 19:00:00,120605.0165,121126.76,120500.731,120890.519,0.926235034
2025-10-02 20:00:00,120930.516,121026.115,120350.0,120745.5,0.149583558
2025-10-02 21:00:00,120712.515,120839.2545,120202.135,120202.135,0.06997207
2025-10-02 22:00:00,120213.0525,120501.86,120134.183,120344.08,0.000308487
2025-10-02 23:00:00,120319.288,120762.8,120317.6,120619.95,0.345890801
2025-10-03 00:00:00,120615.468,120678.7,120151.674,120235.7545,0.012607354
2025-10-03 01:00:00,120234.251,120420.8285,119911.04,119957.8745,0.002094049
2025-10-03 02:00:00,119985.3,120373.177,119968.968,120247.5115,0.001767855
2025-10-03 03:00:00,120266.51,120584.036,120239.81,120341.107,0.01978004
2025-10-03 04:00:00,120302.733,120442.7065,120078.95,120128.163,0.002842976
2025-10-03 05:00:00,120148.035,120193.645,119809.7385,119997.357,0.046429815
2025-10-03 06:00:00,120027.95,120198.55,119844.15,120031.69,0.00698465
2025-10-03 07:00:00,120024.3655,120114.93,119729.825,119762.765,0.111823739
2025-10-03 08:00:00,119749.097,120177.451,119364.615,120167.7265,0.006042014
2025-10-03 09:00:00,120121.5435,120492.88,120067.3555,120412.0595,0.070423531
2025-10-03 10:00:00,120410.85,120654.85,120344.3745,120526.919,0.007973608
2025-10-03 11:00:00,120526.208,120577.85,120200.345,120408.81,0.00239447
2025-10-03 12:00:00,120406.5295,120532.15,120190.165,120445.051,0.013787681
2025-10-03 13:00:00,120467.325,120792.855,120213.59,120473.151,0.260128761
2025-10-03 14:00:00,120487.52,121101.695,119975.315,121015.035,0.035946131
2025-10-03 15:00:00,121020.65,122418.15,120705.5,122340.641,0.670098975
2025-10-03 16:00:00,122361.865,124053.57,122351.757,122630.7735,0.159370193
2025-10-03 17:00:00,122616.345,123840.03,121680.061,122145.4,0.112855493
2025-10-03 18:00:00,122161.7095,122840.03,121541.755,122614.6,0.362466565
2025-10-03 19:00:00,122642.72,123077.6735,122432.287,122755.346,0.051581607
2025-10-03 20:00:00,122756.025,122799.816,122130.3265,122549.35,0.015045682
2025-10-03 21:00:00,122526.751,122592.246,122078.965,122395.345,0.013481079
2025-10-03 22:00:00,122400.76,122755.855,122386.6,122567.39,0.001903091
2025-10-03 23:00:00,122477.08,122578.51,122240.74,122330.885,0.000842409
2025-10-04 00:00:00,122312.265,122410.8,122015.749,122188.085,0.020435171
2025-10-04 01:00:00,122197.2735,122224.929,121840.095,121968.917,0.027527842
2025-10-04 02:00:00,121910.856,122096.187,121734.76,121935.1555,0.005990596
2025-10-04 03:00:00,121952.704,122404.257,121903.4,122294.84,0.065884962
2025-10-04 04:00:00,122366.19,122670.9,122287.35,122586.32,0.085997508
2025-10-04 05:00:00,122611.2185,122840.03,122453.17,122621.91,0.082579708
2025-10-04 06:00:00,122601.67,122705.9655,122440.4,122519.066,0.002560709
2025-10-04 07:00:00,122534.625,122593.27,122266.611,122401.85,0.005284161
2025-10-04 08:00:00,122407.4765,122637.4,122247.7185,122344.76,0.002469987
2025-10-04 09:00:00,122354.028,122533.726,122208.624,122270.625,0.012732155
2025-10-04 10:00:00,122308.3,122425.3,122173.155,122173.155,0.008294456
2025-10-04 11:00:00,122195.367,122392.9,122009.691,122051.486,0.018452372
2025-10-04 12:00:00,122065.975,122202.87,122011.23,122098.034,0.000101612
2025-10-04 13:00:00,122074.73,122572.05,122069.592,122461.715,0.015645017
2025-10-04 14:00:00,122468.385,122591.9,122070.3005,122070.3005,0.001931735
2025-10-04 15:00:00,122062.8755,122227.586,121773.78,121863.6425,0.944507701
2025-10-04 16:00:00,121866.94,122048.13,121620.81,121807.192,0.028457929
2025-10-04 17:00:00,121818.0,122013.542,121718.3695,121835.89,8.0022e-05
2025-10-04 18:00:00,121817.4,121926.41,121575.35,121660.891,0.004567414
2025-10-04 19:00:00,121656.39,122089.9,121647.281,122027.405,0.412586459
2025-10-04 20:00:00,122048.656,122159.725,121933.16,121959.134,0.0
2025-10-04 21:00:00,121940.6655,122419.295,121920.155,122235.2195,0.0069975
2025-10-04 22:00:00,122253.805,122452.9755,122197.7375,122334.87,0.0002
2025-10-04 23:00:00,122346.1,122493.622,122258.414,122428.3,0.000509339
2025-10-05 00:00:00,122508.9,122569.05,122205.35,122231.738,0.007150264
2025-10-05 01:00:00,122233.9,122497.25,122194.801,122448.6,0.016264406
2025-10-05 02:00:00,122458.14,124379.3708121825,122394.29,124081.83,0.018434042
2025-10-05 03:00:00,124054.84,124230.7755,123356.976,123795.2425,0.015880088
2025-10-05 04:00:00,123835.0165,125692.5539776,123757.2475,125224.9,0.268433002
2025-10-05 05:00:00,125210.115,125482.015,124880.215,125129.227,0.113895632
2025-10-05 06:00:00,125114.205,125244.356,124822.31,125023.9915,0.057196877
2025-10-05 07:00:00,124989.666,125165.9,124621.625,124723.05,0.009318522
2025-10-05 08:00:00,124734.9,124922.03,124571.895,124604.896,0.012305034
2025-10-05 09:00:00,124613.71,124726.2,122818.495,123047.3635,0.046289718
2025-10-05 10:00:00,123040.93,123175.475,122524.7965,123039.036,0.174567629
2025-10-05 11:00:00,123023.74,123567.7025,122854.097,123490.8455,0.006505945
2025-10-05 12:00:00,123582.1,123582.1,122946.06,123119.075,0.05757407
2025-10-05 13:00:00,123161.871,123421.7,123098.778,123200.3855,0.003653342
2025-10-05 14:00:00,123206.905,123431.8,122818.51,123066.175,0.00382517
2025-10-05 15:00:00,123043.48,123070.528,122709.176,122869.909,0.008241594
2025-10-05 16:00:00,122864.555,123409.527,122354.455,123288.595,0.046700056
2025-10-05 17:00:00,123364.89,123504.56,122942.725,123091.045,0.022380666
2025-10-05 18:00:00,123100.15,123270.3535,122885.275,123038.8045,0.026207142
2025-10-05 19:00:00,123071.53,123133.244,122501.02,122618.348,0.135775433
2025-10-05 20:00:00,122600.27,123101.95,122449.16,122732.995,0.011634039
2025-10-05 21:00:00,122761.1515,122854.07,122541.595,122764.9,0.143275607
2025-10-05 22:00:00,122753.5725,123271.655,122753.5725,123230.56,0.800347014
2025-10-05 23:00:00,123231.405,123594.346,123195.77,123486.132,0.016453153
2025-10-06 00:00:00,123509.824,124406.25,123120.75,123375.063,0.06759621
2025-10-06 01:00:00,123397.2275,124241.11,123216.81,124067.035,0.008000868
2025-10-06 02:00:00,124066.9385,124253.86,123528.675,124152.429,0.004291155
2025-10-06 03:00:00,124156.3605,124205.8,123741.33,123868.615,0.125941792
2025-10-06 04:00:00,123891.09,124052.9495,123575.77,123611.1405,0.013908094
2025-10-06 05:00:00,123675.92,123822.9,123342.41,123619.5895,0.008624601
2025-10-06 06:00:00,123620.475,124213.175,123620.475,123980.6235,0.0
2025-10-06 07:00:00,123944.7415,124133.9,123306.143,123451.625,0.080242784
2025-10-06 08:00:00,123532.6,123930.9445,123428.085,123904.5505,0.073908974
2025-10-06 09:00:00,123882.4745,124118.1125,123826.28,124025.452,0.002435877
2025-10-06 10:00:00,124007.1265,124221.92,123954.405,124005.7425,0.001730811
2025-10-06 11:00:00,124036.2435,124563.143,123757.058,124241.9225,0.008822152
2025-10-06 12:00:00,124288.635,124727.212,124214.059,124575.9615,0.41552398
2025-10-06 13:00:00,124578.619,125126.5685,124424.3065,125102.946,0.17605296
2025-10-06 14:00:00,125081.456,125415.2815,124403.49,124588.04,0.260181436
2025-10-06 15:00:00,124548.8415,125458.215,124539.9,125074.614,0.140988558
2025-10-06 16:00:00,125063.73,125515.9051195829,124854.9,125486.4801195829,0.029166402
2025-10-06 17:00:00,125477.3301195829,125862.192436548,125174.3595,125350.48,0.114605071
2025-10-06 18:00:00,125360.641,126251.897,125097.567,126117.15,0.120590038
2025-10-06 19:00:00,126093.0445,126262.032,125280.72,125484.69,0.136179243
2025-10-06 20:00:00,125505.375,125654.87,125075.3555,125277.635,0.462019908
2025-10-06 21:00:00,125263.438,125352.047,124565.398,125144.2,0.008457713
2025-10-06 22:00:00,125141.85,125280.72,124832.608,125096.451,0.011707174
2025-10-06 23:00:00,125117.2,125173.875,124675.23,124720.323,0.126269945
2025-10-07 00:00:00,124696.677,125021.319,124617.845,124966.724,0.000396051
2025-10-07 01:00:00,124950.25,125174.545,124496.52,124735.0755,0.020435449
2025-10-07 02:00:00,124742.619,124766.495,124283.94,124340.16,0.013978019
2025-10-07 03:00:00,124357.26,124646.615,124159.168,124385.21,0.00989646
2025-10-07 04:00:00,124397.36,124718.4,124111.7,124573.73,0.003998061
2025-10-07 05:00:00,124554.985,124720.034,124302.402,124487.5175,0.000307096
2025-10-07 06:00:00,124476.6705,124540.5945,123846.179,123963.5985,0.010783932
2025-10-07 07:00:00,123977.95,124175.5,123615.55,123736.8475,0.039314719
2025-10-07 08:00:00,123684.795,124079.389,123389.9195,123955.039,0.122847015
2025-10-07 09:00:00,123965.5,124280.72,123926.235,124200.0,0.015985255
2025-10-07 10:00:00,124200.0485,124521.65,124097.084,124380.02,0.00563893
2025-10-07 11:00:00,124372.005,124636.447,124256.22,124560.77,0.015765382
2025-10-07 12:00:00,124510.715,125227.98,124372.2,125011.919,0.01548521
2025-10-07 13:00:00,125023.9,125142.9375,123431.93,123972.724,0.148138941
2025-10-07 14:00:00,123994.1725,124090.47,122666.9612590691,122847.7575,0.059328762
2025-10-07 15:00:00,122828.08,123075.7764,121316.07228,121928.0325,0.087752438
2025-10-07 16:00:00,121935.61,122151.81,120979.747,121718.365,0.315137763
2025-10-07 17:00:00,121745.95,121907.42,121153.5775,121211.3355,0.163613648
2025-10-07 18:00:00,121191.35,121380.8225,120628.281,120919.135,0.043865804
2025-10-07 19:00:00,120914.2,122125.1,120893.8945,121694.501,0.866995377
2025-10-07 20:00:00,121714.774,122280.72,121698.1315,122011.2995,0.022839779
2025-10-07 21:00:00,122021.105,122369.8775,121822.935,122071.0035,0.006417436
2025-10-07 22:00:00,122088.1,122305.13,121855.622,122087.6785,0.000149
2025-10-07 23:00:00,122076.46,122102.499,121341.955,121408.895,0.005442354
2025-10-08 00:00:00,121402.983,122176.9,121354.935,122001.51,0.0094295
2025-10-08 01:00:00,121985.054,122134.03,121651.6115,122013.7795,0.004781044
2025-10-08 02:00:00,121992.077,122255.06,121851.3,122076.9035,0.00512768
2025-10-08 03:00:00,122080.7,122088.619,121280.72,121435.949,0.007066661
2025-10-08 04:00:00,121436.44,121976.8285,121116.6,121953.4105,0.021622981
2025-10-08 05:00:00,121966.58,121966.58,121190.7165,121427.267,0.076030751
2025-10-08 06:00:00,121444.815,121896.994,121116.351,121843.63,0.024516739
2025-10-08 07:00:00,121826.2,121992.6,121358.56,121653.145,0.018778114
2025-10-08 08:00:00,121646.787,122908.465,121568.3,122432.5675,0.025814837
2025-10-08 09:00:00,122442.8,122701.1,122349.55,122568.1665,0.011026103
2025-10-08 10:00:00,122558.7535,123138.752,122518.774,122976.055,0.006301136
2025-10-08 11:00:00,123012.515,123280.72,122772.0805,122916.56,0.162057221
2025-10-08 12:00:00,122907.115,123125.725,122550.2705,122669.0,0.014421086
2025-10-08 13:00:00,122649.665,122822.915,121679.245,122618.93,0.180492714
2025-10-08 14:00:00,122625.976,123402.65,122144.174,122367.62,0.080045836
2025-10-08 15:00:00,122341.2915,122680.3,121969.74,122218.745,0.108058501
2025-10-08 16:00:00,122229.853,123186.45,122123.076,123139.375,0.134010194
2025-10-08 17:00:00,123093.32,124205.185,122993.1175,124090.4885,0.397532926
2025-10-08 18:00:00,124078.855,124273.5,123446.6785,123470.6575,0.313786451
2025-10-08 19:00:00,123469.9,123795.05,123175.7,123490.075,0.188379204
2025-10-08 20:00:00,123480.949,123770.5445,122841.7965,122871.4085,0.01016924
2025-10-08 21:00:00,122870.1135,123436.4,122851.8,123294.19,0.015069543
2025-10-08 22:00:00,123336.0595,123468.8,123221.375,123221.375,0.140131825
2025-10-08 23:00:00,123225.665,123622.5,123063.2785,123346.3,0.320935308
2025-10-09 00:00:00,123333.85,123449.9,122858.832,122864.529,0.031806452
2025-10-09 01:00:00,122856.06,122900.807,122296.343,122564.0805,0.019598673
2025-10-09 02:00:00,122580.05,122584.095,121443.4,121653.3915,0.293887655
2025-10-09 03:00:00,121642.695,122178.1575,121588.87,122051.2,0.22632598
2025-10-09 04:00:00,122034.015,122324.4,121831.642,122187.915,0.061983504
2025-10-09 05:00:00,122256.67,122256.67,121786.707,122113.6835,0.162881333
2025-10-09 06:00:00,122112.4425,122237.66,121891.96,121989.421,0.011123309
2025-10-09 07:00:00,121975.775,122185.052,121780.72,121953.3045,0.01211719
2025-10-09 08:00:00,121922.898,122016.17,121161.0555,121293.645,0.018221235
2025-10-09 09:00:00,121315.3575,121899.273,121264.9,121829.868,0.176341783
2025-10-09 10:00:00,121846.135,122396.282,121659.3035,122193.6695,0.030442279
2025-10-09 11:00:00,122226.245,122940.61,122159.292,122811.25,0.069332257
2025-10-09 12:00:00,122745.1815,123780.72,122745.1815,123586.8,0.252137708
2025-10-09 13:00:00,123515.5,123747.7,122341.835,122472.41,0.464685811
2025-10-09 14:00:00,122450.75,122662.685,120876.8385,121373.006,0.204460942
2025-10-09 15:00:00,121370.985,121760.375,120795.06,121217.3545,0.211136981
2025-10-09 16:00:00,121257.82,121538.3735,119817.736,119891.205,0.386547142
2025-10-09 17:00:00,119870.0425,121104.4435,119786.505,121051.625,0.1105739
2025-10-09 18:00:00,121030.205,121179.9005,120464.885,120718.361,0.108016567
2025-10-09 19:00:00,120700.527,121272.93,120700.527,121045.36,0.223353846
2025-10-09 20:00:00,121061.0545,121243.6965,120905.861,121189.7465,0.079586642
2025-10-09 21:00:00,121273.7,121617.115,121055.0,121509.7935,0.047527734
2025-10-09 22:00:00,121540.6,121780.72,121385.884,121718.16,0.010468378
2025-10-09 23:00:00,121780.72,121837.2,121409.08,121729.5965,0.016998979
2025-10-10 00:00:00,121719.8275,121907.9,121646.579,121825.45,0.090212964
2025-10-10 01:00:00,121885.2,121936.50919332892,121545.25,121690.6775,0.008369197
2025-10-10 02:00:00,121682.64,121814.2,120982.25,121121.76,0.013262722
2025-10-10 03:00:00,121140.7,121663.654,120960.155,121084.46,0.039318151
2025-10-10 04:00:00,121091.315,121465.894,121052.002,121252.37,0.023026629
2025-10-10 05:00:00,121178.3,121680.239,121026.4,121632.898,0.022919702
2025-10-10 06:00:00,121733.016,121780.72,121286.5675,121442.305,0.028205898
2025-10-10 07:00:00,121420.673,121483.82,120902.925,120959.3585,0.02625843
2025-10-10 08:00:00,121001.2075,121701.925,120950.72,121684.4725,0.035940781
2025-10-10 09:00:00,121655.3185,121842.7,121335.932,121357.15,0.066225264
2025-10-10 10:00:00,121348.31,121595.9985,121311.46,121559.07,0.00915653
2025-10-10 11:00:00,121623.07,121714.7025,121436.18,121622.3585,0.035284052
2025-10-10 12:00:00,121685.217,121804.31,121410.2,121658.35,0.045623708
2025-10-10 13:00:00,121657.6,122593.62,121407.738,121699.1745,0.048183121
2025-10-10 14:00:00,121705.525,122115.6165,120497.395,120528.395,0.216053932
2025-10-10 15:00:00,120513.531,120780.72,118493.7,119091.1555,0.614011499
2025-10-10 16:00:00,119066.785,119510.66,118298.35,118308.2175,0.128557942
2025-10-10 17:00:00,118307.01,118485.823,117615.0,117679.0,0.313675379
2025-10-10 18:00:00,117673.3,117887.25,117299.2905,117299.2905,0.983037194
2025-10-10 19:00:00,117286.615,117387.772,115957.655,116675.7175,1.210665475
2025-10-10 20:00:00,116692.1935,117280.72,113562.4715,115343.375,0.346782501
2025-10-10 21:00:00,114317.5395,118114.0533333334,103325.1231527085,117973.6933333333,0.944126784
2025-10-10 22:00:00,118114.0533333334,118114.0533333334,109534.48275862,114042.0,0.334628933
2025-10-10 23:00:00,114041.15,114984.535,112947.11,112995.4165,0.022779935
2025-10-11 00:00:00,112995.9,113347.615,111777.891,112674.285,0.469268848
2025-10-11 01:00:00,112670.65,112743.313,111174.3865,111240.364,0.219597556
2025-10-11 02:00:00,111266.17,113523.24,111203.772,113351.485,0.108577111
2025-10-11 03:00:00,113353.041,113535.236,111897.492,112451.515,0.075830868
2025-10-11 04:00:00,112444.02,113149.012,111831.2,113112.0585,0.047776798
2025-10-11 05:00:00,113119.3945,113228.89,112044.1,112541.035,0.069712532
2025-10-11 06:00:00,112548.71,112934.3,112154.66,112208.038,0.727708342
2025-10-11 07:00:00,112198.045,112260.08,110215.759,110515.9245,0.23246082
2025-10-11 08:00:00,110527.75,111711.58,110332.8,111442.5085,0.119229258
2025-10-11 09:00:00,111466.9095,112040.37,111276.907,111754.293,0.55275566
2025-10-11 10:00:00,111743.186,112459.9,111711.4,112248.4995,0.062299038
2025-10-11 11:00:00,112142.986,112597.812,111765.265,112400.6565,0.150446719
2025-10-11 12:00:00,112386.583,112691.21,112134.4955,112478.7795,0.046233691
2025-10-11 13:00:00,112595.855,112722.94,112003.613,112379.524,0.054447082
2025-10-11 14:00:00,112387.8075,112534.526,111950.427,112128.563,0.172565356
2025-10-11 15:00:00,112104.07,112605.74,111901.184,111902.3,0.444643312
2025-10-11 16:00:00,111932.105,112325.022,111559.1,112005.524,0.063220268
2025-10-11 17:00:00,111987.07,112380.986,111789.3,112121.7,0.016675008
2025-10-11 18:00:00,112110.4,112236.97,111875.66,112113.04,0.032052675
2025-10-11 19:00:00,112100.005,112207.5,110918.05,111310.78,0.15573543
2025-10-11 20:00:00,111336.83,111524.08,109810.8945,110415.085,0.102780679
2025-10-11 21:00:00,110411.0,111288.747,109735.985,111080.4475,0.020531795
2025-10-11 22:00:00,111080.707,111450.7,110786.918,111180.9455,0.051160577
2025-10-11 23:00:00,111195.386,111279.4,110748.82,110787.75,0.218202928
2025-10-12 00:00:00,110838.541,110929.486,109671.23,109781.785,0.134837911
2025-10-12 01:00:00,109788.545,110437.213,109773.379,110089.17,0.113311362
2025-10-12 02:00:00,110091.809,110826.405,109712.8462975155,110229.8075,0.025305991
2025-10-12 03:00:00,110243.595,111459.778,110104.7,110791.88,0.037073338
2025-10-12 04:00:00,110809.25,112088.4245,110645.74,111651.1955,0.645828299
2025-10-12 05:00:00,111629.4,112024.37,111292.71,111827.1845,0.023044933
2025-10-12 06:00:00,111838.8,112254.355,111629.1,111829.655,0.114306292
2025-10-12 07:00:00,111938.0,112057.79,111565.77,111624.9735,0.006190112
2025-10-12 08:00:00,111740.69,111980.408,111350.125,111363.294,0.025489776
2025-10-12 09:00:00,111372.362,112044.6,111225.95,111897.87,0.021073006
2025-10-12 10:00:00,111997.1,112088.351,111497.155,111707.8615,0.348151291
2025-10-12 11:00:00,111819.4,112242.6,111548.48,111910.9,0.055857302
2025-10-12 12:00:00,111891.04,112275.898,111591.64,111861.76,0.011979924
2025-10-12 13:00:00,111960.53,112069.05,111294.9435,111360.575,0.009134375
2025-10-12 14:00:00,111364.46,113046.3125,111217.85,112404.462,0.0485154
2025-10-12 15:00:00,112391.89,113854.795,112160.505,113286.21,0.190882576
2025-10-12 16:00:00,113297.981,114824.805,113292.964,114153.65,0.257233103
2025-10-12 17:00:00,114265.34,114624.2,113628.9645,113913.173,0.330564125
2025-10-12 18:00:00,114000.46,114373.0335,113634.05,113993.972,0.516603784
2025-10-12 19:00:00,114128.27,114598.48,113878.6,114458.35,0.212413135
2025-10-12 20:00:00,114576.2,115554.44,114414.8,115019.1505,0.497336472
2025-10-12 21:00:00,115036.4795,115698.349,114323.08,114940.625,0.02029117
2025-10-12 22:00:00,114971.235,115749.22,113062.773793103,115350.6445,0.225981638
2025-10-12 23:00:00,115345.534,115600.175,114719.396,115080.2045,0.003131462
2025-10-13 00:00:00,115088.0,116027.636,114911.15,115396.167,0.090664728
2025-10-13 01:00:00,115425.227,115887.41,115198.1715,115839.1,0.057458198
2025-10-13 02:00:00,115839.598,116096.636,115118.745,115441.94,0.003506399
2025-10-13 03:00:00,115417.335,115766.9785,114721.91,114945.837,0.076306712
2025-10-13 04:00:00,115059.128,115193.744,114487.38,114803.385,0.018023564
2025-10-13 05:00:00,114805.88,114945.6855,114544.4,114707.6925,0.105804694
2025-10-13 06:00:00,114699.814,115481.7,114503.5155,115304.1185,0.111117619
2025-10-13 07:00:00,115414.0,115652.3205,115088.7,115493.46,0.010576146
2025-10-13 08:00:00,115498.8835,115626.6,115170.952,115348.415,0.043193101
2025-10-13 09:00:00,115335.05,115439.6,114840.455,115218.182,0.018818031
2025-10-13 10:00:00,115219.7225,115318.16,114845.5195,114932.672,0.021339298
2025-10-13 11:00:00,114928.656,115010.7,113741.309,114290.505,0.055151723
2025-10-13 12:00:00,114295.7025,114846.05,114027.0505,114511.98,0.030860926
2025-10-13 13:00:00,114488.05,115647.3815,114313.125,115452.33,0.185419827
2025-10-13 14:00:00,115467.7275,115613.75,113898.5045,114134.318,0.034914489
2025-10-13 15:00:00,114160.505,114784.975,113970.986,114445.788,0.028437379
2025-10-13 16:00:00,114415.65,115410.66,114363.706,114764.0875,0.071782714
2025-10-13 17:00:00,114789.7625,115163.62,114248.247,115095.25,0.030644201
2025-10-13 18:00:00,115084.85,115435.56,114737.0,115286.945,0.299122894
2025-10-13 19:00:00,115263.365,116114.36,115144.533,115915.66,0.122703135
2025-10-13 20:00:00,116021.36,116021.36,115468.8,115822.677,0.012423063
2025-10-13 21:00:00,115819.024,116003.1,115588.013,115796.0165,0.379618228
2025-10-13 22:00:00,115820.3505,115974.78,115472.48,115613.5095,0.005452982
2025-10-13 23:00:00,115736.15,115736.15,115015.9,115262.0,0.002335748
2025-10-14 00:00:00,115283.45,115551.78,114976.9,115051.45,0.01439581
2025-10-14 01:00:00,115047.545,115194.84,114118.43,114355.038,0.008042598
2025-10-14 02:00:00,114382.15,114490.7,113827.27,113836.374,0.06511387
2025-10-14 03:00:00,113851.181,113881.4,113300.492610837,113581.21,0.054168571
2025-10-14 04:00:00,113565.7095,113690.215,112880.1608866995,113123.85,0.010932075
2025-10-14 05:00:00,113116.428,113676.83,112345.502,112582.8,0.050485871
2025-10-14 06:00:00,112568.744,112882.837,111430.337,112071.31,0.217932477
2025-10-14 07:00:00,112045.005,112307.6,111538.5,111810.5,0.012019302
2025-10-14 08:00:00,111791.335,112313.58,111575.2,111925.505,0.069086651
2025-10-14 09:00:00,111881.0595,112193.3,111138.306,111402.775,0.210216272
2025-10-14 10:00:00,111386.9,111432.55,110053.7,110732.8095,0.078558865
2025-10-14 11:00:00,110692.2845,111775.7,110681.87,111406.115,0.055510262
2025-10-14 12:00:00,111404.234,111504.02,110815.8145,110893.845,0.18646122
2025-10-14 13:00:00,110879.95,111494.99,109952.1,111073.329,0.473557655
2025-10-14 14:00:00,111081.21,112329.518,110986.875,111442.475,0.237927551
2025-10-14 15:00:00,111462.72,112987.435,111096.7545,112936.94,0.076829831
2025-10-14 16:00:00,112970.037,113241.5,112246.623,112412.3375,0.247682152
2025-10-14 17:00:00,112368.5095,113007.725,111735.801,112862.738,0.158153724
2025-10-14 18:00:00,112858.75,113509.994,112706.392,112924.55,0.159654907
2025-10-14 19:00:00,112917.795,113569.43,112080.616,112637.53,0.245440405
2025-10-14 20:00:00,112674.0495,113072.353,112268.88,113057.775,0.006088967
2025-10-14 21:00:00,113035.25,113262.985,112736.87,113200.6505,0.00391136
2025-10-14 22:00:00,113173.25,113624.2118781725,112890.89,113273.455,0.010535736
2025-10-14 23:00:00,113220.1095,113685.05,113046.87,113075.3285,0.070688405
2025-10-15 00:00:00,113111.8875,113217.21,112656.18,113062.005,0.020744097
2025-10-15 01:00:00,113060.911,113131.4,112369.418,112778.51,0.000249028
2025-10-15 02:00:00,112786.8685,113642.6518781725,112643.7,112869.3555,0.003671693
2025-10-15 03:00:00,112857.6245,112989.749,111860.284,112080.375,0.036616651
2025-10-15 04:00:00,112095.3795,112538.5,111792.4,112420.6165,0.003686485
2025-10-15 05:00:00,112425.324,112741.87,112184.7,112469.45,0.023935477
2025-10-15 06:00:00,112588.0,112642.215,111948.098,112513.9,0.009573203
2025-10-15 07:00:00,112542.203,112768.865,112284.9515,112626.325,0.291543948
2025-10-15 08:00:00,112626.12,113595.13,112583.69,113014.5575,0.12059609
2025-10-15 09:00:00,113014.56,113264.82,112433.552,112613.555,0.007409511
2025-10-15 10:00:00,112554.496,112735.356,112254.6185,112369.075,0.689025978
2025-10-15 11:00:00,112369.25,112703.715,111793.834,111975.755,0.057014581
2025-10-15 12:00:00,111984.4,112189.4,111543.55,111788.44,0.031422733
2025-10-15 13:00:00,111788.64,112192.92,110805.9,111459.0095,0.685905602
2025-10-15 14:00:00,111474.566,112326.951,110879.6175,111133.596,0.24732544
2025-10-15 15:00:00,111167.105,111691.85,110455.072,110874.01,0.261875753
2025-10-15 16:00:00,110878.955,111615.333793103,110647.489,110804.525,0.262159071
2025-10-15 17:00:00,110822.8955,111346.25,110191.2,111258.376,0.188728487
2025-10-15 18:00:00,111249.7285,111567.7,110863.58,111503.475,0.032186238
2025-10-15 19:00:00,111415.49,111642.12,111068.5,111294.0785,0.18743342
2025-10-15 20:00:00,111341.5605,111690.54,110572.0045,111198.03,0.107153779
2025-10-15 21:00:00,111204.645,111494.06,110553.5255,110914.17,0.015204904
2025-10-15 22:00:00,110911.515,111500.68,110706.9875,110706.9875,0.014190256
2025-10-15 23:00:00,110734.921,111078.113,110617.6,110835.7,0.017653904
2025-10-16 00:00:00,110834.365,110926.8,110409.95,110492.5,0.017394357
2025-10-16 01:00:00,110498.155,111398.25,110477.2705,111348.2625,0.003544189
2025-10-16 02:00:00,111371.3395,111684.714,111050.206,111580.163,0.079612928
2025-10-16 03:00:00,111697.026,111933.7705,111314.485,111394.9,0.018227923
2025-10-16 04:00:00,111372.7285,111736.065,110878.095,111047.08,0.055019722
2025-10-16 05:00:00,111040.5655,111548.46,110792.16,111002.2,0.01220626
2025-10-16 06:00:00,111000.35,111786.89,110883.25,111689.6905,0.016566154
2025-10-16 07:00:00,111707.215,111883.7,110542.2,110621.445,0.021712999
2025-10-16 08:00:00,110627.5,110946.32,110424.7665,110879.97,0.085101768
2025-10-16 09:00:00,110872.253,111691.05,109671.605,111204.6655,0.044194738
2025-10-16 10:00:00,111201.22,111714.535,111049.1975,111517.96,0.023106482
2025-10-16 11:00:00,111487.7495,111670.665,111048.32,111454.905,0.012686779
2025-10-16 12:00:00,111460.015,112039.791,111323.0,111540.385,0.035315735
2025-10-16 13:00:00,111660.95,111690.2,110719.222,110893.082,0.096964749
2025-10-16 14:00:00,110883.115,111496.5005,109762.086,110576.745,0.31455974
2025-10-16 15:00:00,110605.86,111122.722955665,108472.96320197,108587.18170197,0.28955449
2025-10-16 16:00:00,108579.45670197,110630.1121182265,107594.4,109269.735,0.256797685
2025-10-16 17:00:00,109289.46,110236.0234482755,108264.9,108337.72,0.362610035
2025-10-16 18:00:00,108295.65,109146.2269048288,107719.557,108707.598,0.384541618
2025-10-16 19:00:00,108696.065,108810.2,107724.1935,108250.8545,0.584832443
2025-10-16 20:00:00,108263.0285,108569.7,107501.676600985,107901.401,0.095268572
2025-10-16 21:00:00,107888.9,108588.26,107620.075,108498.005,0.05108582
2025-10-16 22:00:00,108491.52,108544.02,107796.834,107814.286,0.026244355
2025-10-16 23:00:00,107832.8175,108581.6,107742.3015,108211.0,0.041805513
2025-10-17 00:00:00,108230.6325,108878.05,107942.9295,108819.3735,0.048570684
2025-10-17 01:00:00,108825.3545,109193.6,108522.395,108866.159,0.057847366
2025-10-17 02:00:00,108861.131,109105.8255,108412.4195,109001.1,0.022680633
2025-10-17 03:00:00,109016.378,109278.1,108921.9225,109197.119,0.009042069
2025-10-17 04:00:00,109188.29,109353.54,108788.4575,108817.179,0.060329696
2025-10-17 05:00:00,108818.19,109048.5,108272.74,108392.3165,0.046538178
2025-10-17 06:00:00,108411.94,108624.45268744,106798.02955665,106816.964778325,0.322767456
2025-10-17 07:00:00,106832.364778325,108565.3393869475,105480.3,105621.245,0.69354178
2025-10-17 08:00:00,105648.36,107666.3246086225,104507.7487684725,104882.557,1.994566749
2025-10-17 09:00:00,104862.68,105650.19,104527.0387684725,104543.055,0.360202299
2025-10-17 10:00:00,104519.9437684725,105371.4585781795,103529.5,104757.07,1.083908384
2025-10-17 11:00:00,104770.266,106566.9985,104661.748,105675.399,0.983608487
2025-10-17 12:00:00,105658.5,106126.7,105225.1715,105371.73,0.084137499
2025-10-17 13:00:00,105373.247,106196.293,104879.705,105878.269,0.265824342
2025-10-17 14:00:00,105838.2095,106088.197,104549.8,105175.155,0.259348295
2025-10-17 15:00:00,105193.445,106802.030456852,105100.3045,106767.265228426,1.171819826
2025-10-17 16:00:00,106747.615228426,107594.275,105984.8587327606,106375.8065,0.189452362
2025-10-17 17:00:00,106404.6095,106751.07,106072.0525,106438.27,0.07478177
2025-10-17 18:00:00,106473.817,107194.854,106473.817,106668.655,0.118611605
2025-10-17 19:00:00,106678.096,106924.9,106239.3435,106462.626,0.113399136
2025-10-17 20:00:00,106476.246,107293.9,106290.1,107043.9,0.01785621
2025-10-17 21:00:00,107061.76,107573.48,107025.582,107315.425,0.015936603
2025-10-17 22:00:00,107428.28,107530.3,106833.32,107073.25,0.014046984
2025-10-17 23:00:00,107156.32,107156.32,106417.2,106470.4275,0.006296919
2025-10-18 00:00:00,106462.95,106898.389,106330.0,106871.744,0.000207776
2025-10-18 01:00:00,106912.5845,107435.6,106849.87,107183.25,0.010035756
2025-10-18 02:00:00,107218.2,107415.463,106522.4,106645.4475,0.180276161
2025-10-18 03:00:00,106623.1215,107182.05,106615.27,107105.215,0.005262851
2025-10-18 04:00:00,107110.315,107223.48,106385.1,106530.0,0.008524444
2025-10-18 05:00:00,106515.9,106947.688,106508.689,106861.05,0.005219251
2025-10-18 06:00:00,106938.1,107064.575,106744.8545,106901.45,0.021928325
2025-10-18 07:00:00,106990.0,107543.5015,106655.5925,106699.26,0.010400871
2025-10-18 08:00:00,106721.407,107016.505,106630.38,106756.695,0.009682668
2025-10-18 09:00:00,106766.165,107073.8,106681.65,106939.85,0.011126444
2025-10-18 10:00:00,107055.5,107236.976,106829.724,106906.9025,0.091208992
2025-10-18 11:00:00,107028.415,107273.232,106808.51,107265.215,0.008166342
2025-10-18 12:00:00,107242.7395,107412.26,107012.395,107103.95,0.00608679
2025-10-18 13:00:00,107209.4,107234.0,106855.3815,106923.0205,0.069849188
2025-10-18 14:00:00,106933.305,107194.3,106773.68,107060.65,1.02228432
2025-10-18 15:00:00,107163.3,107229.4,106834.1955,106995.5255,0.068716887
2025-10-18 16:00:00,107115.441,107739.5655093691,106538.345,106687.43,0.042395956
2025-10-18 17:00:00,106710.573,107079.21,106594.087,106899.679,0.01543795
2025-10-18 18:00:00,107017.822,107055.4,106675.9,106897.625,0.038716349
2025-10-18 19:00:00,107008.6,107231.25,106696.662,107134.96,0.160692085
2025-10-18 20:00:00,107241.02,107431.51,107033.819,107096.951,0.001467868
2025-10-18 21:00:00,107075.6,107286.492,106884.69,107215.005,0.000191
2025-10-18 22:00:00,107226.885,107355.5565,107105.2775,107171.845,0.009176945
2025-10-18 23:00:00,107149.975,107255.5225,107050.65,107255.5225,0.000206
2025-10-19 00:00:00,107223.184,107327.6065,106798.74,106936.785,0.011827476
2025-10-19 01:00:00,106942.35,107059.11,106781.287,107020.626,0.00129787
2025-10-19 02:00:00,107151.3,107151.3,106849.95,106878.641,0.001686319
2025-10-19 03:00:00,106877.6995,107502.15,106831.47,107293.745,0.045353242
2025-10-19 04:00:00,107334.655,107443.1,107038.15,107077.371,0.000232
2025-10-19 05:00:00,107185.852,107219.05,106832.8,106919.0305,0.008138016
2025-10-19 06:00:00,106900.3695,107078.48,106571.329,106805.89,0.012200821
2025-10-19 07:00:00,106801.364,107013.408,106717.86,106826.415,0.027372527
2025-10-19 08:00:00,106821.745,107767.0,106344.7,106458.103,0.00736832
2025-10-19 09:00:00,106457.9815,108464.615,106112.75,107430.2165,0.05833188
2025-10-19 10:00:00,107447.22,108006.401,107020.8395,107923.018,0.047971219
2025-10-19 11:00:00,107904.95,108361.57,107657.3055,107809.2455,0.025385614
2025-10-19 12:00:00,107927.9,107927.9,107462.3555,107631.2535,0.000686718
2025-10-19 13:00:00,107640.8875,108267.938,107397.28,108112.62,0.011586795
2025-10-19 14:00:00,108127.52,108579.663,107903.715,108466.11,0.023694231
2025-10-19 15:00:00,108440.0,108720.9,108356.05,108525.7865,0.027336082
2025-10-19 16:00:00,108539.5255,109013.67,107431.5,108687.955,0.098436836
2025-10-19 17:00:00,108671.855,109492.4135,108598.132,109160.15,0.032756235
2025-10-19 18:00:00,109188.75,109528.676,109063.74,109442.085,0.124604352
2025-10-19 19:00:00,109418.575,109500.41,108832.539,108941.97,0.064302749
2025-10-19 20:00:00,109050.88,109135.47,108817.9,108929.145,0.009386726
2025-10-19 21:00:00,108917.94,109039.39,108657.3655,108803.43,0.020558411
2025-10-19 22:00:00,108810.4985,109428.48,108786.166,109174.3525,0.010366113
2025-10-19 23:00:00,109179.663,109257.58,108469.2825,108656.7425,0.008217029
2025-10-20 00:00:00,108657.4925,108718.285,107394.88775,108099.9,0.05579855
2025-10-20 01:00:00,108106.37,108388.202,107928.88,108110.7025,0.069339528
2025-10-20 02:00:00,108108.843,109111.8,107879.13,108859.884875,0.018319859
2025-10-20 03:00:00,108862.283375,110382.38,108194.78,110192.9125,0.024122969
2025-10-20 04:00:00,110182.15,110581.655,109991.15,110467.655,0.078469807
2025-10-20 05:00:00,110379.7,111173.6345,110257.282,111073.412,0.06698473
2025-10-20 06:00:00,111078.705,111450.15,110990.187,111309.538,0.041328615
2025-10-20 07:00:00,111321.1675,111544.277,111081.23,111195.5,0.02511922
2025-10-20 08:00:00,111203.7,111628.645,110974.863,111121.585,0.011657855
2025-10-20 09:00:00,111121.49,111233.4095,110730.3435,111034.7735,0.023934857
2025-10-20 10:00:00,111028.896,111208.18,110668.2,110768.015,0.11870617
2025-10-20 11:00:00,110757.1135,111142.7,110584.43,111084.35,0.058656412
2025-10-20 12:00:00,111041.565,111242.945,110798.0835,110873.573,0.017939414
2025-10-20 13:00:00,110884.16,111249.6,110551.09175,111189.1195,0.142240956
2025-10-20 14:00:00,111202.58,111432.4805,110732.936,111218.65,0.08799309
2025-10-20 15:00:00,111222.425,111743.86,110617.1912011575,111169.115,0.074114662
2025-10-20 16:00:00,111181.9505,112885.84,108866.995073891,110728.9415,0.099147636
2025-10-20 17:00:00,110737.56,111127.11,109884.109,110340.375,0.321664621
2025-10-20 18:00:00,110326.214,111031.94,110248.2265,110963.86,0.216954628
2025-10-20 19:00:00,110964.691,111143.58,110569.24,110835.413,1.010038329
2025-10-20 20:00:00,110850.435,111384.59,110679.373,111151.435,0.085916151
2025-10-20 21:00:00,111152.4835,111328.5,110497.31,110618.8225,0.025713108
2025-10-20 22:00:00,110568.65,110959.431,110437.9275,110835.64,0.01428677
2025-10-20 23:00:00,110831.691,110873.2,110503.974,110562.505,0.002917663
2025-10-21 00:00:00,110663.21,110683.11,110205.0145,110468.5045,0.0029854
2025-10-21 01:00:00,110492.68,110625.55,109616.3685,109910.26,0.005575655
2025-10-21 02:00:00,109906.5,110049.0,109347.816,109560.885,0.014307297
2025-10-21 03:00:00,109547.315,109709.4,109094.644,109094.644,0.006431507
2025-10-21 04:00:00,109100.875,109547.0,107691.825,107831.225,0.117436486
2025-10-21 05:00:00,107849.56,108111.7,107578.6105,107634.25,0.024570654
2025-10-21 06:00:00,107608.56,108264.34,107592.0,107929.246,0.025242902
2025-10-21 07:00:00,107960.313,108301.136,107676.085,108096.1755,0.02264146
2025-10-21 08:00:00,108110.557,108133.712,107584.536,107771.65,0.082082438
2025-10-21 09:00:00,107734.33,108001.326,107621.0635,107810.51,0.022919585
2025-10-21 10:00:00,107809.125,108879.0,107633.8,108549.105,0.036956351
2025-10-21 11:00:00,108538.551,108794.11,108194.985,108587.379,0.008857532
2025-10-21 12:00:00,108622.4595,109561.1,108464.73,108851.627,0.024059437
2025-10-21 13:00:00,108868.075,109547.0,107949.528,108449.6495,0.020673081
2025-10-21 14:00:00,108482.5255,112351.195,108454.9665,112227.105,0.155336111
2025-10-21 15:00:00,112235.2875,113625.2,111333.42,113464.7015,0.177427166
2025-10-21 16:00:00,113471.284,114078.265,112523.35,112588.31,0.582609741
2025-10-21 17:00:00,112613.969,113070.9785,111840.4,112055.8565,0.142269453
2025-10-21 18:00:00,112070.1225,112373.13,111482.25,112071.58,0.093395923
2025-10-21 19:00:00,112044.925,112376.75,111608.25,111861.3385,0.046687373
2025-10-21 20:00:00,111884.7885,111899.6,110623.275460591,110855.6175,0.113150127
2025-10-21 21:00:00,110848.7755,111574.818515591,110184.24,110889.86,0.056091186
2025-10-21 22:00:00,110848.967,111344.882555,108566.175,109155.825,0.015297244
2025-10-21 23:00:00,109144.8655,110178.0,108109.15,108365.71,0.310220078
2025-10-22 00:00:00,108346.8,109666.4036223907,107893.3,108035.175,0.256337755
2025-10-22 01:00:00,108059.786,108561.283,108008.5,108448.6725,0.022962454
2025-10-22 02:00:00,108414.155,108779.89,108255.275,108255.275,0.038255328
2025-10-22 03:00:00,108254.1855,108364.44,107907.465,108267.7265,0.071865168
2025-10-22 04:00:00,108247.185,108775.722,108127.4,108698.42,0.018268417
2025-10-22 05:00:00,108693.46,108807.4,107892.1,108228.575,0.026152711
2025-10-22 06:00:00,108241.78,108987.2851107452,107991.8715,108055.375,0.019091891
2025-10-22 07:00:00,108055.39,108781.8663915332,107666.95,108398.955,0.070864375
2025-10-22 08:00:00,108367.428,108448.14,108062.1,108281.2295,0.22852565
2025-10-22 09:00:00,108308.1835,108448.3,107826.9575,108032.6285,0.011712853
2025-10-22 10:00:00,108011.978,108189.2425,107684.4285,107692.987,0.057697508
2025-10-22 11:00:00,107713.7675,108781.8663915332,106830.3045,107616.555,0.031894904
2025-10-22 12:00:00,107614.338,108465.75,107472.8835,108104.94,0.016041077
2025-10-22 13:00:00,108100.875,109054.6792785779,107673.5585,108822.9255,0.296796099
2025-10-22 14:00:00,108834.218,109019.682,107521.575,108961.4,0.037936972
2025-10-22 15:00:00,108984.815,109113.573778578,107758.846,108422.2495,0.007873216
2025-10-22 16:00:00,108455.335,108813.9495,107868.301,108240.65,0.019407185
2025-10-22 17:00:00,108228.18,108405.29,107587.1,107808.81,0.352967566
2025-10-22 18:00:00,107791.155,108240.395,107458.975,108057.501,0.039542682
2025-10-22 19:00:00,108032.625,109582.4896048097,107691.9,107871.94,0.18533625
2025-10-22 20:00:00,107873.38,109128.0,107447.075,107708.521,0.094636004
2025-10-22 21:00:00,107740.34,109128.0,106639.049,107225.71,0.004321242
2025-10-22 22:00:00,107210.385,107696.0085,106937.4425,107201.54,0.007255508
2025-10-22 23:00:00,107207.8105,107979.816,107177.3365,107605.5145,0.000769097
2025-10-23 00:00:00,107580.7,108001.51,107507.955,107857.61,0.015683065
2025-10-23 01:00:00,107856.782,108574.6,107742.74,108182.95,0.003870479
2025-10-23 02:00:00,108304.5,108498.8,108063.3,108442.945,0.000720473
2025-10-23 03:00:00,108438.107,108788.8,108344.39,108403.29,0.009535816
2025-10-23 04:00:00,108418.87,108982.2655,108373.51,108674.1975,0.000960162
2025-10-23 05:00:00,108651.3,109044.5885,108639.2885,108981.825,0.000138
2025-10-23 06:00:00,108968.852,110345.24,108883.7,110316.425,0.027667124
2025-10-23 07:00:00,110325.9605,110444.337,109218.968,109308.4,0.388498687
2025-10-23 08:00:00,109291.41,109945.335,109269.5,109539.775,0.017076042
2025-10-23 09:00:00,109636.83,109661.4,109143.295,109453.3105,0.023999037
2025-10-23 10:00:00,109576.76,109755.4715,109269.5,109452.2055,0.02898984
2025-10-23 11:00:00,109497.517,109713.645,109130.3,109303.5915,0.020750454
2025-10-23 12:00:00,109409.483,109416.9,108698.45,109202.5,0.006725236
2025-10-23 13:00:00,109313.3,109763.63,108810.8385,109549.5855,0.235642539
2025-10-23 14:00:00,109539.0125,109872.226,108740.539,109619.89,0.011762468
2025-10-23 15:00:00,109627.712,110190.668,109437.2339901475,109949.378,0.126636105
2025-10-23 16:00:00,109955.927,110625.875,109437.2339901475,110309.005,0.044060787
2025-10-23 17:00:00,110312.998,111394.425,109437.2339901475,111283.871,0.057856898
2025-10-23 18:00:00,111298.907,111337.68,110288.72,110632.975,0.079606355
2025-10-23 19:00:00,110741.65,110741.65,110129.2,110224.4,0.113041327
2025-10-23 20:00:00,110232.41,110253.9,109393.8055,109567.2315,0.074826295
2025-10-23 21:00:00,109541.749,109853.994,109418.927,109582.205,0.007652362
2025-10-23 22:00:00,109597.24,110205.77,109514.081280788,109983.885,0.007002947
2025-10-23 23:00:00,110077.25,110231.116,109863.9265,110135.211,0.006276687
2025-10-24 00:00:00,110117.978,110747.7525,109960.92,110521.295,0.03431891
2025-10-24 01:00:00,110537.4245,110810.44,110118.8,110653.905,0.004057893
2025-10-24 02:00:00,110612.754,110849.288,110307.791,110619.479,0.012616241
2025-10-24 03:00:00,110602.4405,110673.421,110302.2795,110505.345,0.045899476
2025-10-24 04:00:00,110499.597,111512.915,110315.818,111205.6035,0.009136836
2025-10-24 05:00:00,111217.22,111390.5,110907.188,111263.9205,0.022649915
2025-10-24 06:00:00,111278.25,111607.4,111069.49,111523.265,0.025575285
2025-10-24 07:00:00,111625.467,111639.0,110810.86,111082.096,0.1094947
2025-10-24 08:00:00,111099.51,111342.3,110724.525,111123.3925,0.016464166
2025-10-24 09:00:00,111135.855,111639.0,111018.17,111368.185,0.026638592
2025-10-24 10:00:00,111345.8,111404.8,111062.74,111155.86,0.053914011
2025-10-24 11:00:00,111150.9,111322.211,110620.575,111077.225,0.114772833
2025-10-24 12:00:00,111108.526,112053.95,110819.5,111299.631,0.040654785
2025-10-24 13:00:00,111324.9025,111543.0,110394.2305,110987.562,0.075477475
2025-10-24 14:00:00,110973.25,111048.382555,109727.822,110239.6315,0.074367681
2025-10-24 15:00:00,110242.3325,111048.382555,109882.85,110046.1095,0.091101578
2025-10-24 16:00:00,110063.5975,110448.4,109791.524,110258.2795,0.262151627
2025-10-24 17:00:00,110300.625,110621.576,110183.6765,110241.8775,0.004810705
2025-10-24 18:00:00,110253.53,110726.5,110157.45,110623.67,0.278428381
2025-10-24 19:00:00,110655.5575,111010.675,110449.6,110639.7,0.316890373
2025-10-24 20:00:00,110609.512,111033.887,110495.741,110907.78,0.034612496
2025-10-24 21:00:00,110955.395,111228.053,110634.055,111095.5625,0.05162077
2025-10-24 22:00:00,111115.547,111214.2,110930.09,111038.28,0.003877306
2025-10-24 23:00:00,111025.5815,111153.9,110809.964,111021.4,0.005567507
2025-10-25 00:00:00,111064.68,111082.5515,110598.092,110799.629,0.007547048
2025-10-25 01:00:00,110805.397,111258.2,110770.5215,111077.066,0.006145632
2025-10-25 02:00:00,111129.733,111226.47,110909.0,111080.665,0.012942705
2025-10-25 03:00:00,111038.189,111225.415,110950.95,111050.2445,0.006609692
2025-10-25 04:00:00,111070.1135,111518.509,111044.7825,111228.165,0.013341728
2025-10-25 05:00:00,111246.405,111487.981,111096.989,111378.8,0.009997341
2025-10-25 06:00:00,111405.4375,111599.1,111257.5065,111388.451,0.028758206
2025-10-25 07:00:00,111380.144,111818.21,111048.382555,111499.345,0.020524262
2025-10-25 08:00:00,111515.664,111641.98,111515.664,111542.19,0.002904397
2025-10-25 09:00:00,111442.4,111903.278,111442.4,111562.43,0.011279188
2025-10-25 10:00:00,111533.55,111768.623,111395.925,111553.415,0.017161792
2025-10-25 11:00:00,111575.612,111746.58,111386.539,111613.303,0.034378689
2025-10-25 12:00:00,111568.017,111953.608,111537.8,111908.7635,0.004343038
2025-10-25 13:00:00,111958.90775,111979.75175,111516.38,111703.607,0.189979197
2025-10-25 14:00:00,111748.8715,111881.01,111490.1,111669.069,0.016097778
2025-10-25 15:00:00,111627.415,111647.1,111331.245,111387.825,0.006204334
2025-10-25 16:00:00,111428.65,111574.364,111187.854,111394.355,0.012120185
2025-10-25 17:00:00,111382.6165,111524.85,111302.015,111375.433,0.022109336
2025-10-25 18:00:00,111394.77,111874.78,111320.137,111704.52,0.252696527
2025-10-25 19:00:00,111756.11,111802.936,111457.34,111635.745,0.031648201
2025-10-25 20:00:00,111646.78,111790.31,111372.1525,111450.83,0.12867487
2025-10-25 21:00:00,111472.625,111522.0,111279.4,111504.8,0.00308994
2025-10-25 22:00:00,111482.608,111734.6,111414.755,111620.9705,0.126280116
2025-10-25 23:00:00,111635.99,111713.6,111444.2,111656.925,0.000252717
2025-10-26 00:00:00,111758.45,111925.226,111463.874,111737.7655,0.011815025
2025-10-26 01:00:00,111647.563,111870.04,111539.205,111654.1225,0.000779414
2025-10-26 02:00:00,111636.0435,111788.552,111417.6675,111470.993,0.000908934
2025-10-26 03:00:00,111442.525,111578.4,111160.0,111296.72,0.014697821
2025-10-26 04:00:00,111290.56,111569.5,111260.5375,111442.8075,0.000443567
2025-10-26 05:00:00,111308.14,111790.75,111308.14,111621.9705,0.044625619
2025-10-26 06:00:00,111625.758,111775.424,111470.88,111641.385,0.006489894
2025-10-26 07:00:00,111667.05,111828.839,111542.53,111732.9595,0.264913881
2025-10-26 08:00:00,111759.687,111955.218,111728.1,111789.4195,0.011073225
2025-10-26 09:00:00,111805.7945,112822.091,111716.666,112551.2295,0.820842951
2025-10-26 10:00:00,112535.26,112640.37,112202.99,112467.95,0.004959915
2025-10-26 11:00:00,112485.5,113401.015228426,112394.203,113307.477614213,0.040792755
2025-10-26 12:00:00,113284.357614213,113852.24,113279.757614213,113560.7205,0.109395019
2025-10-26 13:00:00,113587.9185,114027.44,113268.075,113646.95,0.010104393
2025-10-26 14:00:00,113672.212,114009.426,113536.305,113576.841,0.002145154
2025-10-26 15:00:00,113562.2535,113774.5,113387.9,113675.41,0.038414294
2025-10-26 16:00:00,113689.075,113853.22,112849.86,113495.324,0.119857656
2025-10-26 17:00:00,113533.6715,113776.1,113375.61,113430.935,0.001699893
2025-10-26 18:00:00,113457.139,113796.77,113436.66,113581.8245,0.004928975
2025-10-26 19:00:00,113584.9965,113786.0,113444.485,113587.3,0.081491365
2025-10-26 20:00:00,113579.78,113664.26,113313.57,113325.73,0.009400832
2025-10-26 21:00:00,113327.4525,113587.545,112848.375,113498.355,0.015091504
2025-10-26 22:00:00,113487.6065,115242.84,112889.1048541771,114679.525,0.018575524
2025-10-26 23:00:00,114689.13,114979.735,114390.45,114585.439,0.003218363
2025-10-27 00:00:00,114689.009,115215.96,114352.178,114771.087,0.0264458
2025-10-27 01:00:00,114773.0,115280.72,114693.5,115218.711,0.070062792
2025-10-27 02:00:00,115244.01,115397.734,114815.9455,114907.7445,0.014929129
2025-10-27 03:00:00,114883.9025,115274.3315,114822.85,114990.842,0.001482138
2025-10-27 04:00:00,115007.5325,115359.773,114948.855,115257.4,0.020465459
2025-10-27 05:00:00,115183.7,115776.782,115160.7,115569.084,0.389961641
2025-10-27 06:00:00,115678.998,116131.381465,115311.63,115990.52386625,0.172419571
2025-10-27 07:00:00,115983.07036625,116361.967,115496.92,115561.74,0.539427344
2025-10-27 08:00:00,115558.51,115711.414,114876.4,115021.71,0.013992088
2025-10-27 09:00:00,115033.4705,115445.6,114751.635,115275.72,0.028601708
2025-10-27 10:00:00,115255.4995,115583.26,115106.876,115448.233,0.00260599
2025-10-27 11:00:00,115464.127,115555.9365,115115.663,115333.845,0.016367632
2025-10-27 12:00:00,115344.389,115449.42,114935.7,115050.695,0.034818757
2025-10-27 13:00:00,115047.105,115473.309,114567.645,115233.2,0.068331294
2025-10-27 14:00:00,115275.95,115358.9065,114499.465,114784.968,0.058653832
2025-10-27 15:00:00,114791.395,115233.883,114751.705,114950.09,0.471468651
2025-10-27 16:00:00,114975.79,115733.42,114844.9515,115504.221,0.360486407
2025-10-27 17:00:00,115508.978,115726.9515,115261.0,115709.322,0.031802525
2025-10-27 18:00:00,115706.55,115888.0,115264.75,115337.305,0.007139993
2025-10-27 19:00:00,115340.615,115420.77,114691.821,114953.94,0.133611071
2025-10-27 20:00:00,114924.745,114943.731,114413.077,114461.108,0.141782392
2025-10-27 21:00:00,114418.54,114639.862,114031.7,114315.443,0.002102018
2025-10-27 22:00:00,114300.07,114609.35,114051.0995,114097.5685,0.043302381
2025-10-27 23:00:00,114124.115,114269.93,113748.44,114097.01,0.000880123
2025-10-28 00:00:00,114095.6,114383.04,113796.2425,113944.45,0.00489826
2025-10-28 01:00:00,113959.334,114624.1,113959.334,114419.6355,0.207340613
2025-10-28 02:00:00,114454.97,114481.3165,113611.5014278615,113948.43,0.00416
2025-10-28 03:00:00,113948.75,114221.89,113662.085,113908.345,0.007673027
2025-10-28 04:00:00,113904.305,114094.514,113753.6,113959.875,0.01460698
2025-10-28 05:00:00,113965.415,114044.43,113558.0669278615,113636.9764278615,0.136587799
2025-10-28 06:00:00,113621.3314278615,114232.4,113619.3214278614,114112.22,0.038535677
2025-10-28 07:00:00,114120.6,114447.547,114074.14,114206.26,0.00070234
2025-10-28 08:00:00,114175.354,114566.4,114071.771,114409.265,0.01233812
2025-10-28 09:00:00,114417.425,114620.366,114178.551,114540.285,0.116401202
2025-10-28 10:00:00,114535.995,114662.72,114424.55,114612.766,0.06424079
2025-10-28 11:00:00,114583.9175,114713.97,114281.3,114352.158,0.046202286
2025-10-28 12:00:00,114337.0025,114527.345,114079.58,114457.915,0.003026513
2025-10-28 13:00:00,114449.465,115569.253,114449.465,115540.8365,0.107443808
2025-10-28 14:00:00,115562.445,116027.762,114327.81875,115088.6,0.049496784
2025-10-28 15:00:00,115096.487,115442.1495,114501.525,114655.085,0.004534133
2025-10-28 16:00:00,114634.075,115518.3,114523.395,115364.5,0.247396876
2025-10-28 17:00:00,115330.8445,115664.369,115227.5845,115286.2975,0.177272212
2025-10-28 18:00:00,115295.653,115390.3,114629.78,115019.567,0.006916589
2025-10-28 19:00:00,115060.3695,115140.8,113492.028,113683.1,0.34568961
2025-10-28 20:00:00,113689.5295,114519.5,112347.135,112787.935,0.441858913
2025-10-28 21:00:00,112821.915,113984.5,112302.0,113026.663,0.0026015
2025-10-28 22:00:00,112993.058,113321.48,112850.11,113243.25,0.001364543
2025-10-28 23:00:00,113255.315,113255.315,112788.631,112920.565,0.000994217
2025-10-29 00:00:00,112910.8725,112927.483,112437.193,112437.193,0.013395363
2025-10-29 01:00:00,112474.175,113004.91,112030.96,112518.62,0.006113789
2025-10-29 02:00:00,112531.6655,112826.1985,112421.8565,112658.233,0.110885592
2025-10-29 03:00:00,112688.556,112711.7,112337.844,112545.645,0.022164395
2025-10-29 04:00:00,112555.115,112979.77,112503.1,112806.762,0.001308009
2025-10-29 05:00:00,112916.56,113391.17,112806.762,113084.433,0.014916675
2025-10-29 06:00:00,113039.03,113449.962,112972.185,113302.7855,0.000254031
2025-10-29 07:00:00,113307.235,113604.905,113232.967,113604.75,0.01150008
2025-10-29 08:00:00,113591.3905,113683.4,112969.659,113086.137,0.010089099
2025-10-29 09:00:00,113096.3,113133.75,112797.87,113018.541,0.005121947
2025-10-29 10:00:00,112996.4,113236.362,112734.6665,112891.266,0.000880751
2025-10-29 11:00:00,112929.46,113389.4,112742.31,113166.646,0.000859579
2025-10-29 12:00:00,113189.527,113396.0,113060.464,113183.495,0.015715478
2025-10-29 13:00:00,113163.05,113741.84,112714.9275,112881.075,0.596810725
2025-10-29 14:00:00,112913.197,112921.156,112250.7,112476.935,0.079827654
2025-10-29 15:00:00,112488.7535,112590.155,111374.992,111501.4725,0.052075334
2025-10-29 16:00:00,111541.95,111566.165,110927.865,111096.835,0.061953571
2025-10-29 17:00:00,111092.04,112035.4,110994.297,111851.705,0.032796388
2025-10-29 18:00:00,111895.0295,112767.3193109958,109201.936,110816.785,0.110104527
2025-10-29 19:00:00,110808.763,111481.45,110142.0985,110667.118,0.226931269
2025-10-29 20:00:00,110654.2,111559.455,110413.6395,111442.32,0.023648294
2025-10-29 21:00:00,111444.3345,111888.43,111391.226,111642.355,0.000394225
2025-10-29 22:00:00,111623.9,111759.95,110956.6335,111008.65,0.100369905
2025-10-29 23:00:00,111052.3825,111154.3,109735.477,110057.383,0.083313537
2025-10-30 00:00:00,110158.5,110614.35,109713.0,110563.505,0.004798887
2025-10-30 01:00:00,110558.2,110746.56,110263.085,110436.575,0.061348808
2025-10-30 02:00:00,110448.8,111068.7,110349.4255,110982.053,0.010773016
2025-10-30 03:00:00,110999.887,111069.95,110560.6185,110744.54,0.008193795
2025-10-30 04:00:00,110763.38,111353.3193109958,108016.3,108566.898,0.049467202
2025-10-30 05:00:00,108579.63,110568.5,108412.2665,110285.037,0.083533142
2025-10-30 06:00:00,110284.6495,111378.1408338874,109975.91,110753.455,0.096702688
2025-10-30 07:00:00,110763.75,111627.853,110650.75,111353.6385,0.235321579
2025-10-30 08:00:00,111368.0775,111868.2508338874,110579.9,110708.699,0.009186802
2025-10-30 09:00:00,110724.06,110848.0,110048.38,110165.1325,0.009292584
2025-10-30 10:00:00,110148.45,110310.3,109752.0,110099.45,0.044452533
2025-10-30 11:00:00,110127.835,110220.72,109661.64,109744.95,0.021109803
2025-10-30 12:00:00,109718.135,110312.7508338874,108182.051,108409.916,0.215048149
2025-10-30 13:00:00,108362.915,110312.7508338874,107473.020147783,107615.647,0.117624148
2025-10-30 14:00:00,107614.5855,110046.7409816704,107588.735,108270.49,0.256908197
2025-10-30 15:00:00,108267.96,108407.18,107389.162561576,107706.6,0.171889248
2025-10-30 16:00:00,107802.9,110007.3321146754,107544.991,108137.303,0.203795079
2025-10-30 17:00:00,108127.18,109762.7508338874,106896.551724137,107493.75,0.191561789
2025-10-30 18:00:00,107464.0,107639.0,106774.705,106830.175,0.302525847
2025-10-30 19:00:00,106822.51,109426.898719526,106313.85,106558.3,0.444474708
2025-10-30 20:00:00,106490.805,109112.398719526,106307.7285,107489.5905,0.079309513
2025-10-30 21:00:00,107520.112,107998.983,107355.774,107915.5185,0.006493113
2025-10-30 22:00:00,107916.118,108015.3,107453.645,107904.05,0.014806908
2025-10-30 23:00:00,107929.6635,109112.398719526,107584.985,108316.8615,0.003992812
2025-10-31 00:00:00,108340.041,109912.398719526,108259.798,109296.985,0.051732086
2025-10-31 01:00:00,109320.13,110132.52,109153.527,109631.9745,0.039901277
2025-10-31 02:00:00,109620.72,109731.3,108534.89,108827.45,0.00949552
2025-10-31 03:00:00,108826.685,109375.9,108595.185,109220.329,0.038813819
2025-10-31 04:00:00,109338.358,110254.91,109117.185,110068.7255,0.009316199
2025-10-31 05:00:00,110065.665,110091.437,109674.5915,109883.428,0.001505134
2025-10-31 06:00:00,109888.1125,109967.51,109478.625,109644.14,0.001958639
2025-10-31 07:00:00,109628.9455,109792.488,109242.0535,109385.2275,0.009316224
2025-10-31 08:00:00,109412.397,110184.78,109158.085,110063.185,0.069929635
2025-10-31 09:00:00,110164.8,110469.23,109783.6185,109821.03,0.030937606
2025-10-31 10:00:00,109832.1,110168.867,109663.1,109816.0,0.044947147
2025-10-31 11:00:00,109784.6025,110507.0,109428.465,110390.792,0.014519446
2025-10-31 12:00:00,110393.88,110703.7,109554.0,109636.33,0.029488594
2025-10-31 13:00:00,109616.6305,110218.3285,109315.3,110090.6745,0.113494117
2025-10-31 14:00:00,110132.61,110959.3,109529.15,110675.0665,0.10971561
2025-10-31 15:00:00,110698.186,111205.05,109912.398719526,110146.5645,0.098014171
2025-10-31 16:00:00,110154.5015,110311.1,108614.6385,108761.885,0.199236818
2025-10-31 17:00:00,108777.682,109419.36,108565.55,109239.381,0.040338148
2025-10-31 18:00:00,109217.0415,109912.398719526,108880.786,109364.717,0.010303184
2025-10-31 19:00:00,109385.52,110268.99,109059.66,109789.5595,0.310746918
2025-10-31 20:00:00,109729.628,109857.909,109292.14,109438.1,0.136895761
2025-10-31 21:00:00,109421.585,109715.71,109174.755,109523.5005,0.0173383
2025-10-31 22:00:00,109500.7565,109780.1,109424.9,109534.0505,0.003653823
2025-10-31 23:00:00,109525.977,109740.98,109385.9,109560.1965,0.004933407
2025-11-01 00:00:00,109585.169,109783.403,109307.458,109671.234,0.016293794
2025-11-01 01:00:00,109647.1,110004.4995,109599.746,109689.01,0.004835834
2025-11-01 02:00:00,109663.8715,109832.9,109386.4,109718.5655,0.00201
2025-11-01 03:00:00,109725.05,110351.3,109721.645,110197.7925,0.020195323
2025-11-01 04:00:00,110313.285,110554.89,110052.45,110237.425,0.015364469
2025-11-01 05:00:00,110210.41,110427.8,109915.883,110094.3045,0.062390288
2025-11-01 06:00:00,110100.733,110225.196,109832.5,109936.935,0.003789173
2025-11-01 07:00:00,109955.3,110266.489,109869.264,110020.3635,0.005066794
2025-11-01 08:00:00,110017.378,110230.52,110016.095,110182.135,0.010352612
2025-11-01 09:00:00,110201.9935,110266.63,109892.766,109954.42,0.006488034
2025-11-01 10:00:00,109948.495,110128.0615,109711.351,110102.875,0.002208795
2025-11-01 11:00:00,110118.625,110214.0,109884.43,110055.345,0.060739227
2025-11-01 12:00:00,110077.0105,110225.8,109915.171,109981.05,0.00179564
2025-11-01 13:00:00,109939.6,110067.657,109635.714,109883.75,0.00462725
2025-11-01 14:00:00,109893.158,110075.1,109667.549,109894.795,0.010012346
2025-11-01 15:00:00,109859.396,110318.903,109849.2175,110259.76,0.026673013
2025-11-01 16:00:00,110265.635,110698.633719526,110129.0355,110401.15,0.0208136
2025-11-01 17:00:00,110417.515,110461.85,110130.8,110173.605,0.011494825
2025-11-01 18:00:00,110265.7,110434.9,110136.4,110301.916,0.00484311
2025-11-01 19:00:00,110295.093,110402.8,110064.095,110243.755,0.133684631
2025-11-01 20:00:00,110260.918,110543.03,110233.037,110360.5385,0.008725433
2025-11-01 21:00:00,110390.0405,110408.8075,109751.7,109822.4195,0.002982074
2025-11-01 22:00:00,109823.149,110177.53,109752.3,110055.201,0.031134423
2025-11-01 23:00:00,110037.35,110166.13,109899.023,110073.55,0.002805744
2025-11-02 00:00:00,110182.7,110206.2,109845.8,109911.45,0.003339736
2025-11-02 01:00:00,109920.35,110148.84,109777.596,109910.6225,0.006694132
2025-11-02 02:00:00,109919.026,110251.6285,109836.415,110001.886,5.9093e-05
2025-11-02 03:00:00,110005.69,110063.642,109913.101,110034.473,6.5e-05
2025-11-02 04:00:00,110151.446,110744.6735,109981.895,110650.3,0.001230833
2025-11-02 05:00:00,110647.65,110811.28,110238.3225,110469.648,0.002917443
2025-11-02 06:00:00,110451.565,110702.914,110244.325,110614.1675,0.001143823
2025-11-02 07:00:00,110664.695,111021.26,110387.0,110872.9,0.008727745
2025-11-02 08:00:00,110860.44,110983.7235,110667.2825,110803.8735,0.034537665
2025-11-02 09:00:00,110832.382,111040.59,110471.765,110680.365,0.016049444
2025-11-02 10:00:00,110688.535,110836.426,110292.282,110459.123,0.032293671
2025-11-02 11:00:00,110453.0,111194.545,110429.783,111182.5605,0.000839386
2025-11-02 12:00:00,111164.57,111214.675,110642.985,110718.945,0.026923848
2025-11-02 13:00:00,110707.682,110738.212,110086.4,110535.1,0.036169655
2025-11-02 14:00:00,110535.057,110723.819,110182.61,110396.678,0.038666196
2025-11-02 15:00:00,110380.9745,110608.34,110087.427,110118.69,0.033118384
2025-11-02 16:00:00,110083.3,110316.3396062256,109734.34,110119.145,0.116469163
2025-11-02 17:00:00,110139.705,110302.7115,110006.635,110215.552,0.003341491
2025-11-02 18:00:00,110215.87,110378.997,110088.8,110329.37,0.013103543
2025-11-02 19:00:00,110350.923,110356.782,109916.3,110213.723439423,0.00232453
2025-11-02 20:00:00,110228.103439423,110323.9,109883.235,110102.0,0.100196909
2025-11-02 21:00:00,110114.595,110241.923,109948.608,110005.5615,0.000545593
2025-11-02 22:00:00,109987.3295,110106.546,109464.15,109893.85,0.009371158
2025-11-02 23:00:00,109930.306,110782.94,109920.4,110545.09,0.000199932
2025-11-03 00:00:00,110558.551,110765.529,109745.565,109745.565,0.001373873
2025-11-03 01:00:00,109764.95,109922.918,109363.805,109664.15,0.110749256
2025-11-03 02:00:00,109678.625,109776.695,108660.781,109047.655,0.004112785
2025-11-03 03:00:00,109031.49,110316.3396062256,107902.2815,107908.0,0.24772043
2025-11-03 04:00:00,107932.23,108047.385,107473.190280788,107877.9675,0.1410212
2025-11-03 05:00:00,107875.499,109806.980000314,107397.39,107592.345,3.390243788
2025-11-03 06:00:00,107595.55,109359.8098610547,107046.4,107456.405,0.095754848
2025-11-03 07:00:00,107484.52,107888.0,107239.873,107482.395,0.007694979
2025-11-03 08:00:00,107467.235,108351.765,107038.183,107558.425,0.048623757
2025-11-03 09:00:00,107574.101,107921.73,107079.45,107205.605,0.835783688
2025-11-03 10:00:00,107194.739,108351.765,106746.8465,106962.763,0.048017932
2025-11-03 11:00:00,106967.5335,109134.1940975077,106945.504,107795.735,0.074804104
2025-11-03 12:00:00,107789.17,108307.934,107696.9585,107743.23,0.200264429
2025-11-03 13:00:00,107753.69,108055.267,107554.7,107908.05,0.017126221
2025-11-03 14:00:00,107896.3735,108330.2905,107348.6,108053.2,0.089171995
2025-11-03 15:00:00,108012.31,111582.4705104512,105512.802,105710.4505,0.513146041
2025-11-03 16:00:00,105724.9985,108569.1694669657,105349.160522167,106653.8645,0.376407864
2025-11-03 17:00:00,106661.658,109598.7461110547,106494.955,107442.805,0.060969376
2025-11-03 18:00:00,107470.6925,107625.9,106788.8665,106923.93,0.10546089
2025-11-03 19:00:00,106961.55,107386.54,106428.705,107055.975,0.34932682
2025-11-03 20:00:00,107066.21,107162.345,106206.379,106646.285,1.182204404
2025-11-03 21:00:00,106636.169,107382.4328544802,106058.4755,106884.0645,0.973599302
2025-11-03 22:00:00,106842.1235,107382.4328544802,105828.35,106453.33,0.053015289
2025-11-03 23:00:00,106482.4725,106742.0095,105999.9465,106541.825,0.029055475
2025-11-04 00:00:00,106563.319,106815.6298425415,105752.3,106449.19,0.20908625
2025-11-04 01:00:00,106455.145,107268.285,106220.45,107039.3225,1.801315453
2025-11-04 02:00:00,107001.658,107228.1395,106435.3,106457.37,4.5288e-05
2025-11-04 03:00:00,106494.6,107311.71,106202.064,107128.478,0.057846971
2025-11-04 04:00:00,107145.1,107291.6275,106685.281,106715.147,0.0079549
2025-11-04 05:00:00,106711.2395,106890.6298425415,104143.997,104180.11,0.187606442
2025-11-04 06:00:00,104183.57,105344.914786962,104138.4165,104731.575,0.137384366
2025-11-04 07:00:00,104725.82,105344.914786962,104259.976,104439.264,0.015372942
2025-11-04 08:00:00,104451.615,104594.104,103698.73,104015.9,0.093881396
2025-11-04 09:00:00,104022.5335,104419.4193693575,103562.6940394085,103810.445,0.163706202
2025-11-04 10:00:00,103813.35,104262.701607861,103521.694,103764.094,0.042534534
2025-11-04 11:00:00,103769.75,104678.008,103710.075,104541.6935,0.061403485
2025-11-04 12:00:00,104541.8565,104645.9,103792.9925,103915.451,0.114555225
2025-11-04 13:00:00,103898.595,104262.701607861,103535.4005418715,103901.16,0.169106658
2025-11-04 14:00:00,103857.8615,104667.781,102955.66502463,104457.62,0.428805736
2025-11-04 15:00:00,104473.4615,104807.375,103129.46,103162.28,0.329330254
2025-11-04 16:00:00,103160.385,104015.9035783045,102100.783,102186.0795,0.266643173
2025-11-04 17:00:00,102192.349,103288.0710659895,100739.745,101045.3365,1.607683616
2025-11-04 18:00:00,101041.1685,101448.0025,100023.2,101308.6825,1.104462964
2025-11-04 19:00:00,101298.91,101664.4,100357.3732512315,100461.665,0.152919978
2025-11-04 20:00:00,100462.1535,101087.386,99559.532192118,100686.102,1.163324128
2025-11-04 21:00:00,100701.7355,101037.9753288443,98825.4,100249.445,0.650457174
2025-11-04 22:00:00,100281.325,101890.92,100020.665,101268.0085,0.08592022
2025-11-04 23:00:00,101278.28,101734.91,100791.6699101248,101454.119,3.222016766
2025-11-05 00:00:00,101465.8,101727.71,100309.5195,100543.285,0.046772291
2025-11-05 01:00:00,100558.645,101006.158,98935.1555,100735.491,0.108599855
2025-11-05 02:00:00,100744.93,101925.527,100232.723914163,101689.325,0.140778773
2025-11-05 03:00:00,101672.2645,102538.0710659895,101456.45,102104.253,0.208281082
2025-11-05 04:00:00,102124.423,102243.85,101526.4265,101986.85,1.49951322
2025-11-05 05:00:00,102003.55,102538.0710659895,101586.27,101810.215,0.067427582
2025-11-05 06:00:00,101804.615,102538.0710659895,101498.538,102116.24,0.028948192
2025-11-05 07:00:00,102117.519,102270.19,101590.36,101982.227,0.119592318
2025-11-05 08:00:00,101969.9805,102784.3764847085,101169.27,101692.085,0.128922032
2025-11-05 09:00:00,101677.327,102205.51,101585.6605,101984.9925,0.132592616
2025-11-05 10:00:00,101979.45,102784.3764847085,101270.007,101375.845,0.070630579
2025-11-05 11:00:00,101389.98,102112.4725,101354.535,102086.414,0.01608174
2025-11-05 12:00:00,102055.3895,102784.3764847085,101902.67,102666.045,0.401506047
2025-11-05 13:00:00,102647.4,103260.57,102261.8915,102958.075,1.926950662
2025-11-05 14:00:00,102946.0305,103494.5,102073.63,103197.2,0.224832327
2025-11-05 15:00:00,103163.2245,103811.6,102792.26,103724.19,0.468461425
2025-11-05 16:00:00,103718.637,104033.51,103074.338,103908.5975,0.050181774
2025-11-05 17:00:00,103883.435,104094.21,103353.408,103912.8385,0.264567703
2025-11-05 18:00:00,103874.648,104431.885,103734.18,104338.2505,0.042863849
2025-11-05 19:00:00,104351.903,104546.687,103976.45,104012.581,0.040502124
2025-11-05 20:00:00,104004.85,104633.991,103645.275,103830.885,0.327472631
2025-11-05 21:00:00,103811.9265,103888.3,103529.4655,103671.335,0.002288462
2025-11-05 22:00:00,103678.8065,103812.0,103262.67,103692.3775,0.005239562
2025-11-05 23:00:00,103728.139,104104.65,103637.787,103883.799,0.002330101
2025-11-06 00:00:00,103872.9,103906.8025,103318.1,103674.439,0.00032
2025-11-06 01:00:00,103667.5695,103667.5695,102721.046,103347.078,0.007420257
2025-11-06 02:00:00,103364.028,103569.593,102829.6235,103337.74,0.030801689
2025-11-06 03:00:00,103322.45,103952.452,103314.132,103638.226,0.065428785
2025-11-06 04:00:00,103647.356,104197.808,103509.96,104031.832,0.005134582
2025-11-06 05:00:00,104037.622,104045.599,103077.6345,103151.653,0.035839599
2025-11-06 06:00:00,103133.75,103613.4,103002.045,103321.1,0.188818985
2025-11-06 07:00:00,103311.4,103555.8,102901.6395,103175.0465,0.098534331
2025-11-06 08:00:00,103173.45,103450.0,102936.5,103189.2295,0.014716207
2025-11-06 09:00:00,103198.15,103307.76,102802.342,102802.342,0.10077822
2025-11-06 10:00:00,102815.3665,103350.0938333856,102619.05,103120.21,0.024814457
2025-11-06 11:00:00,103077.4045,103334.45,102708.585,103218.257,0.021184256
2025-11-06 12:00:00,103188.682,103311.6485,102336.1,102549.86,0.011347429
2025-11-06 13:00:00,102525.015,103650.008,102515.85,103300.225,0.032380674
2025-11-06 14:00:00,103273.755,103477.706907965,102074.1327586205,102124.4877586205,0.116270739
2025-11-06 15:00:00,102120.2827586205,102983.67,101575.8162561575,101956.814,0.101734837
2025-11-06 16:00:00,101990.434,102341.51,100196.6,100829.62,0.219461417
2025-11-06 17:00:00,100813.5895,101889.65,100716.116,101755.6665,0.043041407
2025-11-06 18:00:00,101737.677,102283.156587645,100868.95,101689.991,0.113554619
2025-11-06 19:00:00,101655.675,101978.414,101060.59,101360.389,0.03770755
2025-11-06 20:00:00,101351.195,101601.5375,100616.123,100872.27,0.143864382
2025-11-06 21:00:00,100850.88,101250.99,100482.3,101082.1725,0.008407386
2025-11-06 22:00:00,101072.868,101460.921,100949.285,101361.995,0.004009134
2025-11-06 23:00:00,101363.337,101728.706587645,101126.365,101319.77,0.003666973
2025-11-07 00:00:00,101325.05,101597.375,100688.502,101429.095,0.010070343
2025-11-07 01:00:00,101451.135,101843.005,100857.247,101496.764,0.005147699
2025-11-07 02:00:00,101493.35,101884.4745,101191.05,101850.8,0.046416492
2025-11-07 03:00:00,101861.7645,102323.465,101814.85,101872.674,0.011380233
2025-11-07 04:00:00,101882.955,102058.385,101511.76,101964.6295,0.024933301
2025-11-07 05:00:00,101974.17,102506.84,101953.65,102379.869,0.001726321
2025-11-07 06:00:00,102396.12,102467.7545,101768.9125,101790.8655,0.016997741
2025-11-07 07:00:00,101783.5805,102034.6,101586.15,101952.8895,0.074112943
2025-11-07 08:00:00,101984.705,102049.71,101407.39,101470.084,0.011331484
2025-11-07 09:00:00,101440.35,101463.987,100737.752,100964.865,0.070832994
2025-11-07 10:00:00,100944.835,101211.736,100607.75,100742.85,0.122397941
2025-11-07 11:00:00,100730.71,100758.5025,99743.683,100352.6205,5.289408657
2025-11-07 12:00:00,100351.9,101228.4843998265,99184.03,99569.1,0.054297939
2025-11-07 13:00:00,99545.6715,101024.05090229,99362.3835,100283.57,0.06537132
2025-11-07 14:00:00,100271.3955,101024.05090229,99440.5715,100715.9,0.113793508
2025-11-07 15:00:00,100746.165,101267.4,99270.425,100739.25,0.037126282
2025-11-07 16:00:00,100745.1515,101573.7,100378.458,101110.8945,0.023364368
2025-11-07 17:00:00,101104.8005,102722.5,100861.0,102337.6025,0.064797244
2025-11-07 18:00:00,102346.354,102889.72,102190.915,102532.255,0.153132263
2025-11-07 19:00:00,102549.205,103271.642055475,102042.104275958,103271.642055475,0.051076666
2025-11-07 20:00:00,103249.203555475,104136.029032617,102949.04843,103760.7135,0.028017834
2025-11-07 21:00:00,103723.9475,103871.875,103299.238,103843.8165,0.005004618
2025-11-07 22:00:00,103860.1695,104143.251,103533.89,103591.7465,0.003518443
2025-11-07 23:00:00,103599.0865,103757.3,103272.102,103291.339,0.002259482
2025-11-08 00:00:00,103310.7885,103364.473,102480.425,102621.677,0.020974756
2025-11-08 01:00:00,102618.836,103185.08,102589.215,102916.5285,0.04068301
2025-11-08 02:00:00,102937.305,103378.7,102697.876,102804.243,0.000481092
2025-11-08 03:00:00,102790.7365,103355.57272032,102526.02,102526.02,0.005651542
2025-11-08 04:00:00,102558.14,102858.207,102277.221,102501.425,0.026525957
2025-11-08 05:00:00,102489.475,102688.143,102170.397197598,102259.565,0.023202614
2025-11-08 06:00:00,102263.3855,103179.741440055,102040.752,102182.258,0.050766482
2025-11-08 07:00:00,102180.2385,102383.1945,101832.16,102347.2165,0.017944389
2025-11-08 08:00:00,102310.9785,102683.2,102047.197,102394.877,0.004896674
2025-11-08 09:00:00,102399.0335,102599.861,102112.48,102360.4,0.017602364
2025-11-08 10:00:00,102335.635,102638.95,102238.75,102450.875,0.002689282
2025-11-08 11:00:00,102417.6575,102632.878,101715.39765625,101823.2395,0.001467066
2025-11-08 12:00:00,101823.74,102092.8395,101682.275,102012.5,0.001166475
2025-11-08 13:00:00,102028.886,102271.07,101694.1435,101748.38,0.005129179
2025-11-08 14:00:00,101789.226,102065.2225,101414.696,101834.3455,0.012039131
2025-11-08 15:00:00,101804.9065,101933.28,101386.945,101692.545,0.005683588
2025-11-08 16:00:00,101674.276,102030.87,101483.399,101839.747,0.021716887
2025-11-08 17:00:00,101817.8435,102884.174937592,101557.66,101989.75,0.043895026
2025-11-08 18:00:00,101956.471,102235.0,101800.9435,102104.252,0.008634016
2025-11-08 19:00:00,102118.536,102210.796,101497.158,101969.798,0.00233956
2025-11-08 20:00:00,101881.73,102233.65,101878.089,102041.3,0.011545371
2025-11-08 21:00:00,102053.14,102429.176,101966.68,102247.943,0.001013795
2025-11-08 22:00:00,102266.442,102413.915,102150.2,102374.2675,0.001200345
2025-11-08 23:00:00,102370.4315,102486.507,102240.01,102301.2,0.000474395
2025-11-09 00:00:00,102276.115,102386.095,101599.15,101793.5705,0.001391
2025-11-09 01:00:00,101766.8025,102160.438,101666.101,102041.336,0.000553854
2025-11-09 02:00:00,102016.485,102095.49,101573.004,101624.321,0.001589082
2025-11-09 03:00:00,101618.96,101875.881,101396.845,101637.516,0.018930341
2025-11-09 04:00:00,101626.08,102189.6,101614.745,101715.2065,0.008397093
2025-11-09 05:00:00,101632.128,102016.155,101632.128,101934.65,0.002104438
2025-11-09 06:00:00,101910.76,101986.91,101676.231,101730.55,0.006268476
2025-11-09 07:00:00,101707.2265,101994.90525664,101663.637,101921.10262832,0.005860797
2025-11-09 08:00:00,101917.14462832,102022.94162472,101798.505,101940.95581236,0.009363971
2025-11-09 09:00:00,101938.48681236,102046.250867185,101608.223,101658.189,0.00249032
2025-11-09 10:00:00,101636.5285,101925.9575,101484.524,101874.384,0.000902586
2025-11-09 11:00:00,101864.006,102208.308804715,101305.25313969,102182.858804715,0.004547116
2025-11-09 12:00:00,102166.477304715,102473.76,101305.25313969,102075.501,0.025925562
2025-11-09 13:00:00,102090.843,102952.26,102066.1915,102809.4055,0.067061497
2025-11-09 14:00:00,102810.55,104102.561121597,101685.0876846152,103005.95,0.029718175
2025-11-09 15:00:00,103032.545,104073.26648248,102939.9245,103767.8845,0.009695128
2025-11-09 16:00:00,103723.6,103958.17,103302.74,103833.17,0.002996529
2025-11-09 17:00:00,103928.54,103954.871,103317.0,103598.4,0.000758241
2025-11-09 18:00:00,103621.812,104582.58,103455.804,104512.595,0.040400074
2025-11-09 19:00:00,104478.75,104876.27,104113.7405,104753.923455785,0.154687822
2025-11-09 20:00:00,104763.373455785,105099.644,104337.6,104607.08,0.019025126
2025-11-09 21:00:00,104600.805,104790.998455785,104277.5,104505.681,0.001419632
2025-11-09 22:00:00,104501.575,104770.223455785,104078.8,104708.2,0.00037468
2025-11-09 23:00:00,104703.39,105450.05,104415.27,104693.41,0.055184672
2025-11-10 00:00:00,104683.7975,106587.7,104249.435,106278.2405,0.120075995
2025-11-10 01:00:00,106289.7285,106608.1,105676.635,105701.45,0.027547527
2025-11-10 02:00:00,105722.655,106101.193,105559.03,105979.845,1.20112766
2025-11-10 03:00:00,105978.585,106267.26406372,105817.79,106036.75,0.030508867
2025-11-10 04:00:00,106035.5855,106295.11,105743.7,106131.625,0.002001641
2025-11-10 05:00:00,106136.3295,106453.2013135,105974.7425,106073.513,0.013735513
2025-11-10 06:00:00,106067.8065,106320.404,105924.2,106188.675,0.060615354
2025-11-10 07:00:00,106216.305,106453.2013135,106135.93,106408.88565675,0.004105185
2025-11-10 08:00:00,106398.54515675,106451.99,105869.505,105928.3,0.010597105
2025-11-10 09:00:00,105952.6065,106571.89877102,105816.7045,106438.59938551,0.023441411
2025-11-10 10:00:00,106439.69,106529.83,105925.53,105982.08,0.501374636
2025-11-10 11:00:00,105983.491,106384.78,105927.2,106173.677,1.029490289
2025-11-10 12:00:00,106158.775,106273.14,105837.75,105942.0355,0.000916452
2025-11-10 13:00:00,105909.423,106571.89877102,105895.682,106484.47938551,0.064998321
2025-11-10 14:00:00,106497.34938551,106560.3,104646.954,104881.9575,0.091560649
2025-11-10 15:00:00,104855.7885,105649.9,104640.451,105081.9625,1.204368529
2025-11-10 16:00:00,105070.302,105437.9,104751.94,105161.91265,0.203539023
2025-11-10 17:00:00,105166.26265,105957.8,105137.38765,105929.28,0.054079237
2025-11-10 18:00:00,105930.1345,106114.73,105453.7665,105485.15,0.017025351
2025-11-10 19:00:00,105455.0775,106068.19,105415.58,105800.27,0.080990133
2025-11-10 20:00:00,105795.64,106283.271,105721.9,105986.0935,0.146432191
2025-11-10 21:00:00,105991.264,106017.398,105246.8305,105608.343,0.001812556
2025-11-10 22:00:00,105596.85,106121.1,105336.15,106049.795,0.004838124
2025-11-10 23:00:00,106039.156,106262.05,105844.35,105989.357,0.001851264
2025-11-11 00:00:00,105998.337,106132.5545,105487.545,106132.5545,0.000727544
2025-11-11 01:00:00,106091.2965,107487.98,106025.5202,106086.6005,0.004769045
2025-11-11 02:00:00,106076.495,107103.788,105565.527,106632.751,0.028820907
2025-11-11 03:00:00,106635.1115,107075.561,106325.677,106436.417,0.048181348
2025-11-11 04:00:00,106433.7845,106584.255,105672.1285,105738.061,0.004083951
2025-11-11 05:00:00,105733.9415,105845.0,105128.885,105216.0,0.001138588
2025-11-11 06:00:00,105207.5745,105364.06,104847.615,105244.7485,0.021116568
2025-11-11 07:00:00,105229.038,105308.46,104651.22,104754.91,0.010690859
2025-11-11 08:00:00,104776.7,105825.61,104657.1,105163.49,0.19614092
2025-11-11 09:00:00,105127.0565,105524.0,104832.4,104957.4315,0.110073401
2025-11-11 10:00:00,104957.63,105260.9,104894.625,105165.4285,0.00059
2025-11-11 11:00:00,105177.102,105575.547,105116.12,105323.75,0.136986062
2025-11-11 12:00:00,105320.721,105544.48,104382.8535,104549.5575,0.010719989
2025-11-11 13:00:00,104530.0845,104758.5,104215.3,104399.72,0.011563701
2025-11-11 14:00:00,104383.31,104672.575,103753.225,104552.785,0.414651897
2025-11-11 15:00:00,104553.37,104563.79,103153.12,103425.6645,0.36277199
2025-11-11 16:00:00,103437.965,103834.0916748765,103170.675,103380.6615,0.031939627
2025-11-11 17:00:00,103405.7875,103694.35,102811.05,103313.905,0.42869719
2025-11-11 18:00:00,103297.755,103584.7,103052.6795,103382.11,0.013521338
2025-11-11 19:00:00,103374.0655,103495.002,102858.9395,103123.142,0.022335697
2025-11-11 20:00:00,103104.435,103278.7,102634.3665,102791.374,0.024137431
2025-11-11 21:00:00,102762.673,103063.365,102384.9495,102594.75,0.136469626
2025-11-11 22:00:00,102590.001,103115.625,102392.558,102962.125,0.004294075
2025-11-11 23:00:00,102961.3565,103261.96,102752.442,103031.1335,0.00229267
2025-11-12 00:00:00,103021.448,103834.0916748765,102774.44,102848.072,0.445703867
2025-11-12 01:00:00,102852.499,103352.19,102633.76,103237.6275,0.00245659
2025-11-12 02:00:00,103196.325,103401.15,102882.2,103117.746,0.001451816
2025-11-12 03:00:00,103109.12,103483.0,103041.493,103279.59,0.001910516
2025-11-12 04:00:00,103287.3055,103443.485,102952.49,103248.9965,0.00164777
2025-11-12 05:00:00,103251.0575,103452.142,103185.55,103381.613,0.002028301
2025-11-12 06:00:00,103360.92,103729.156,103234.838,103350.5865,0.024515398
2025-11-12 07:00:00,103347.293,103556.95,103049.445,103097.122,0.004067725
2025-11-12 08:00:00,103125.91,104240.9,103104.4245,104137.355,0.001483286
2025-11-12 09:00:00,104153.4175,105071.026,104135.995,104509.6,0.000610669
2025-11-12 10:00:00,104501.675,105048.658,104494.7805,104901.95,0.341810149
2025-11-12 11:00:00,104871.39,105203.865,104731.555,105000.6535,0.000923608
2025-11-12 12:00:00,105034.6,105322.35,104797.995,104983.3,0.079347238
2025-11-12 13:00:00,105015.53,105250.0,104621.34,105053.6635,0.007299689
2025-11-12 14:00:00,105011.67,105036.9895,103594.772,103969.9535,0.01188555
2025-11-12 15:00:00,103996.855,104302.35,101970.443349753,102142.815,0.015062012
2025-11-12 16:00:00,102183.4435,103292.2197536945,101304.17,101434.076,0.169738932
2025-11-12 17:00:00,101428.2105,102195.8,101382.14,101748.65,0.041728532
2025-11-12 18:00:00,101764.42,102027.91,101401.15,101538.705,0.023371472
2025-11-12 19:00:00,101540.1765,101574.7455,100794.6825862065,101281.997,0.102686264
2025-11-12 20:00:00,101271.5785,101836.862,101116.2575,101530.55,0.071125934
2025-11-12 21:00:00,101521.755,101986.61,101476.97,101819.1335,0.044976012
2025-11-12 22:00:00,101834.045,102053.8275862065,101402.48,101971.2455,0.452191346
2025-11-12 23:00:00,101946.765,102032.39,101433.448,101628.102,0.013007126
2025-11-13 00:00:00,101645.771,102062.336,101402.13,101871.285,0.468558326
2025-11-13 01:00:00,101824.6155,102608.076,101767.428,101972.35,0.028716301
2025-11-13 02:00:00,102006.72,102389.625,101922.54,102034.2105,0.003772892
2025-11-13 03:00:00,102064.5,102589.62,100894.5975,102122.5,1.349992348
2025-11-13 04:00:00,102122.585,103193.6975862065,101640.025,102115.1835,0.025967446
2025-11-13 05:00:00,102085.555,103389.388,101767.5935,103117.85,0.028457713
2025-11-13 06:00:00,103125.585,103679.028,102049.8575862065,103563.385,0.037553663
2025-11-13 07:00:00,103616.075,104072.612,103301.195,103451.89,0.864530806
2025-11-13 08:00:00,103479.434,103803.995,103264.3165,103639.278,0.011784642
2025-11-13 09:00:00,103669.542,103733.185,102525.7,102813.75,0.008858251
2025-11-13 10:00:00,102814.33,103275.623,102753.193,102966.75,0.027651199
2025-11-13 11:00:00,102971.07,103199.53,102689.323,102921.57,0.001273152
2025-11-13 12:00:00,102919.617,103264.829,102708.0265,103142.445,0.0423715
2025-11-13 13:00:00,103130.3785,103587.7862561575,102115.89,102294.172,0.007998748
2025-11-13 14:00:00,102298.6,103587.7862561575,101477.832512315,102836.175,0.034032495
2025-11-13 15:00:00,102860.585,103937.510625,101154.19,101373.5745,0.013458187
2025-11-13 16:00:00,101336.75,103348.87,100492.610837438,100590.965418719,0.23139731
2025-11-13 17:00:00,100604.1555,100775.2715,99576.7445812805,99634.94,0.303293943
2025-11-13 18:00:00,99603.1545812805,100314.9926625615,98101.328325123,98548.73,1.69766498
2025-11-13 19:00:00,98566.8,99822.381825123,98295.4,98619.642,0.883679935
2025-11-13 20:00:00,98631.0415,99807.6035,98006.6,98084.9935,0.173252228
2025-11-13 21:00:00,98094.8,98894.41,98009.3655,98767.375,0.219148098
2025-11-13 22:00:00,98747.407,99915.83,98636.0625,99804.0615,0.007044451
2025-11-13 23:00:00,99808.293,101791.8781725885,99487.1,99596.376,0.025296636
2025-11-14 00:00:00,99632.4665,101791.8781725885,98680.75,98936.205,0.015440723
2025-11-14 01:00:00,98954.135,101791.8781725885,98642.48,99232.205,0.009446398
2025-11-14 02:00:00,99211.122,101791.8781725885,99198.95,99589.435,0.072034495
2025-11-14 03:00:00,99578.67,101806.6564977115,98751.402,99082.9855,0.042577462
2025-11-14 04:00:00,99095.77,101806.6564977115,96772.732610837,97797.5075,0.975137745
2025-11-14 05:00:00,97802.5,101142.3707834255,96994.1555,97497.1145,0.536798502
2025-11-14 06:00:00,97495.253,99350.492610837,95915.535,97505.2045,0.350132173
2025-11-14 07:00:00,97524.1185,97766.57,96801.8,97090.537,0.153829138
2025-11-14 08:00:00,97079.973,97452.443,96722.315,97326.3655,0.168995012
2025-11-14 09:00:00,97312.083,97571.5,96625.3395,96812.06,0.237704801
2025-11-14 10:00:00,96782.5,99350.0,96608.54,96716.465,0.076289039
2025-11-14 11:00:00,96682.1055,96906.75,95760.045,96145.345,0.179116649
2025-11-14 12:00:00,96133.4555,98245.0,94529.9775862065,95278.215,0.680367023
2025-11-14 13:00:00,95288.273,95634.4,94490.0,95160.2905,0.32847956
2025-11-14 14:00:00,95131.2015,98500.0,94845.8565,96464.329,0.346501176
2025-11-14 15:00:00,96474.18,98290.6403940885,95766.175,96726.6,1.307087399
2025-11-14 16:00:00,96732.63,98751.083743842,96114.403,96944.095,11.103635827
2025-11-14 17:00:00,96977.5205,98931.0344827585,95570.687743842,95794.3355,1.664140054
2025-11-14 18:00:00,95782.1085,98789.6009852215,94928.7935,95022.56,6.716126782
2025-11-14 19:00:00,95028.006,98290.6403940885,94714.3,95701.355,0.137919831
2025-11-14 20:00:00,95702.308,98245.0,94125.5125,94322.412,0.989316856
2025-11-14 21:00:00,94313.7015,95074.8845,94167.144975369,94959.778,0.082464558
2025-11-14 22:00:00,94970.1285,95512.8,94599.1355,95111.736,0.410127614
2025-11-14 23:00:00,95095.45,98044.334975369,93954.4425,94500.87,0.506129417
2025-11-15 00:00:00,94515.835,95379.01,94477.5075,95082.5855,0.003108302
2025-11-15 01:00:00,95059.922,97896.5517241375,94605.96,95594.06,0.013211775
2025-11-15 02:00:00,95574.295,96419.6845,95288.164,96396.9155,0.011871847
2025-11-15 03:00:00,96376.1565,96768.635,96051.1205,96339.272,0.013233881
2025-11-15 04:00:00,96348.52,96466.0095,95860.5,96040.864,0.058192224
2025-11-15 05:00:00,96048.8685,96383.2345,95830.185,96310.85,0.152657358
2025-11-15 06:00:00,96291.15,96581.92,95883.0,96054.0945,0.077290243
2025-11-15 07:00:00,96038.875,96375.357,95905.3325,96292.1675,0.016663073
2025-11-15 08:00:00,96277.2,97896.5517241375,95574.9795,95827.2115,0.129860443
2025-11-15 09:00:00,95851.465,96106.5,95590.1135,95727.96,0.016761599
2025-11-15 10:00:00,95758.4715,96028.673,95521.15,95893.41,0.083474127
2025-11-15 11:00:00,95910.833,95996.47,95563.71,95628.211,0.018001772
2025-11-15 12:00:00,95606.609,95843.048,95514.109,95754.264,0.045447427
2025-11-15 13:00:00,95736.355,96332.93,95602.06,96296.85,0.011150591
2025-11-15 14:00:00,96326.4,96451.038,95965.3935,96182.5265,0.13335374
2025-11-15 15:00:00,96181.244,96439.744,96058.365,96197.5,0.120591988
2025-11-15 16:00:00,96206.3905,98231.4213197965,95661.9655,96099.068,0.02114635
2025-11-15 17:00:00,96099.4275,96348.955,95776.6,96157.9085,0.122672897
2025-11-15 18:00:00,96198.05,96293.186,95888.8,96021.06832,0.053158544
2025-11-15 19:00:00,96025.44832,96156.53,95839.6,95962.68,0.112315041
2025-11-15 20:00:00,95940.1665,95974.4035,95063.73,95236.605,0.332141302
2025-11-15 21:00:00,95197.185,95625.131,95051.606,95218.037,0.005726066
2025-11-15 22:00:00,95299.5,95625.455,95161.347,95550.675,0.008962814
2025-11-15 23:00:00,95551.47,95700.9,95423.332,95530.08,0.000579278
2025-11-16 00:00:00,95626.1,95664.82,95135.8395,95315.79,0.004557616
2025-11-16 01:00:00,95298.781,98170.935960591,94724.861,95215.461,0.054373573
2025-11-16 02:00:00,95217.28,95936.13,95029.05,95908.636,0.01894496
2025-11-16 03:00:00,95942.829,95942.829,95534.92,95749.1215,0.075254726
2025-11-16 04:00:00,95772.68,95937.372,95548.73,95773.5425,0.016521615
2025-11-16 05:00:00,95772.6125,96126.745,95675.425,95843.1535,0.024828636
2025-11-16 06:00:00,95809.005,96059.9,95632.5,95759.205,0.013812209
2025-11-16 07:00:00,95769.376,96034.64,95635.256,96009.739,0.01269336
2025-11-16 08:00:00,96032.26,96148.3835,95725.867,96050.104,0.014629636
2025-11-16 09:00:00,96076.976,96564.18,94581.280788177,96552.95,0.241953027
2025-11-16 10:00:00,96567.4865,96641.3,96219.86,96384.4325,0.169311416
2025-11-16 11:00:00,96370.075,96447.7,95436.4,95583.152,0.005560978
2025-11-16 12:00:00,95560.6265,95849.495,95366.525,95703.4,0.03781267
2025-11-16 13:00:00,95695.1755,95944.4007940885,95048.21,95386.85,0.127744949
2025-11-16 14:00:00,95372.25,95629.71,95250.32,95487.942,0.043291286
2025-11-16 15:00:00,95486.88,95944.4007940885,94365.335960591,94495.086,0.015257821
2025-11-16 16:00:00,94528.0735,95824.696360591,93981.615,94150.56,0.425342509
2025-11-16 17:00:00,94162.05,95678.2604,93802.6367241375,94298.9755,0.101349639
2025-11-16 18:00:00,94306.21,95553.7604,93793.103448275,93979.683,0.0611721
2025-11-16 19:00:00,93996.255,95580.292259,93910.600859,93992.259,0.016966099
2025-11-16 20:00:00,93974.4285,95580.292259,93893.167,94052.559,0.099692879
2025-11-16 21:00:00,94064.667,95431.592912315,93307.9,93462.775,0.468236792
2025-11-16 22:00:00,93436.045,94439.4765,93018.163054187,94104.36,0.009767701
2025-11-16 23:00:00,94128.2875,95156.223454187,93004.926108374,94176.7615,0.652078756
2025-11-17 00:00:00,94274.87,95334.2105,93690.066,95259.55,0.643809206
2025-11-17 01:00:00,95250.143,95452.061,94048.160253187,94700.66,0.000623107
2025-11-17 02:00:00,94724.77,95363.2975,94048.160253187,94910.2725,0.000366478
2025-11-17 03:00:00,94886.061,95512.7,94842.1,95424.28,0.027544902
2025-11-17 04:00:00,95455.14,95586.986,94814.3075,95035.555,0.063494281
2025-11-17 05:00:00,95016.4195,95202.25,94828.5895,95054.5,0.00861897
2025-11-17 06:00:00,95087.3595,95288.035,94786.4,95222.6385,0.062686175
2025-11-17 07:00:00,95227.109,95825.325,95136.65,95604.719,0.017807478
2025-11-17 08:00:00,95601.925,96453.1604,95445.2275,95567.275,0.061393914
2025-11-17 09:00:00,95562.904,95845.1,95239.6915,95585.5625,0.20163401
2025-11-17 10:00:00,95592.0035,95860.36,95436.73,95564.196,0.073921651
2025-11-17 11:00:00,95588.645,95870.898,95317.745,95507.2015,0.005793671
2025-11-17 12:00:00,95495.9975,95536.2,95187.8595,95235.4085,0.316347666
2025-11-17 13:00:00,95265.34,95451.78995665,93487.075,93900.505,0.741809686
2025-11-17 14:00:00,93857.9035,95951.229,93669.725,94679.885,0.09100055
2025-11-17 15:00:00,94695.125,95806.82,93706.875,93848.865,0.16848407
2025-11-17 16:00:00,93887.593,94343.02,93019.563054187,94243.3,0.053997941
2025-11-17 17:00:00,94209.323,94307.0925,92568.2665,92694.691,0.650559506
2025-11-17 18:00:00,92682.7,93683.0983004925,92324.2505,92463.385,0.218735269
2025-11-17 19:00:00,92446.925,93315.710049261,91474.2515,91541.4085,0.327976154
2025-11-17 20:00:00,91543.924,92201.15,91240.938546798,91874.3,0.49197503
2025-11-17 21:00:00,91860.3135,92140.4,91369.54,91830.901,0.60797152
2025-11-17 22:00:00,91840.21,92311.3365,91652.17,92127.436,0.708349271
2025-11-17 23:00:00,92141.91,92199.458,91665.13,92107.35,0.069116353
2025-11-18 00:00:00,92115.24,92341.81,91106.165,92038.545,0.847778214
2025-11-18 01:00:00,92067.6,92125.9,91486.365,91642.758,0.207102772
2025-11-18 02:00:00,91622.23,91773.29637931,90655.5970443345,90736.6325,0.737898104
2025-11-18 03:00:00,90763.894,91393.130925,89668.7917068965,90735.45,0.230122432
2025-11-18 04:00:00,90740.555,90766.6,89192.89,89976.3405,2.137183929
2025-11-18 05:00:00,89956.453,90384.415,89615.85,90121.542,0.667469872
2025-11-18 06:00:00,90128.09,90164.6,89266.7,89539.35,0.146477556
2025-11-18 07:00:00,89553.055,90469.48,89244.644,90400.1,0.173788604
2025-11-18 08:00:00,90419.17,93917.5756727142,90380.227,91105.294,2.209262466
2025-11-18 09:00:00,91123.985,91391.55,90779.048,91285.2255,0.115262159
2025-11-18 10:00:00,91304.355,91552.7,91134.946,91477.095,0.069593471
2025-11-18 11:00:00,91471.0555,91607.38,91135.86,91432.2255,0.037197441
2025-11-18 12:00:00,91397.965,91778.6185,90997.6665,91423.9,0.1070554
2025-11-18 13:00:00,91432.97,91622.42,90806.9755,91362.335,0.815243023
2025-11-18 14:00:00,91383.7955,93954.253010837,91064.7702727142,91260.186,0.950514244
2025-11-18 15:00:00,91266.223,94091.4404,90916.342,92833.13,0.556692262
2025-11-18 16:00:00,92846.235,94091.4404,92143.995,93443.1185,0.875266722
2025-11-18 17:00:00,93459.095,93611.809,92749.2,93225.25,0.085431533
2025-11-18 18:00:00,93226.4,93717.75,93089.275,93349.965,0.028488953
2025-11-18 19:00:00,93329.89,93567.1,92935.51,93134.3755,0.087352674
2025-11-18 20:00:00,93145.2645,93362.21,92591.1,92745.38,0.318929472
2025-11-18 21:00:00,92753.863,93064.4,92394.494,92446.74,0.088691683
2025-11-18 22:00:00,92455.905,93384.89,92328.12,93119.4775,0.055748706
2025-11-18 23:00:00,93144.19,93144.19,92463.737881773,92944.656,0.001147
2025-11-19 00:00:00,92930.525,92959.67,91924.0305,92388.655,0.833246551
2025-11-19 01:00:00,92381.645,92615.755,91882.325,92380.4015,0.00502085
2025-11-19 02:00:00,92399.25,92814.3665,92217.83,92519.815,0.014207768
2025-11-19 03:00:00,92515.6055,92577.9305,91625.615763546,91835.163,0.01311111
2025-11-19 04:00:00,91814.5495,92161.497881773,91175.5353448275,91183.4783448275,0.03630653
2025-11-19 05:00:00,91173.9003448275,91213.377,89932.2,90406.25,2.191357091
2025-11-19 06:00:00,90372.09,91115.06,90145.621,90835.107,6.358774202
2025-11-19 07:00:00,90832.5,92028.681,90805.64,91820.73,1.992458747
2025-11-19 08:00:00,91808.067,91952.3,91260.4,91447.455,0.063753747
2025-11-19 09:00:00,91395.585,93798.8104,91004.788,91466.026,0.099778778
2025-11-19 10:00:00,91462.724,91661.2855,91170.985,91250.9075,0.787798301
2025-11-19 11:00:00,91258.275,91718.34,91199.36,91330.982,0.026011295
2025-11-19 12:00:00,91343.366,91909.15,91150.8975,91714.84,0.00563567
2025-11-19 13:00:00,91716.8205,91855.05,91183.98,91340.48,1.025965771
2025-11-19 14:00:00,91354.1305,94073.1754,90980.599,91660.3895,0.185944697
2025-11-19 15:00:00,91675.8425,92345.455,89740.36,89889.45,0.410586856
2025-11-19 16:00:00,89877.957,90783.668866995,89363.9085,89813.1265,0.803311934
2025-11-19 17:00:00,89820.125,90489.4164532015,88824.2224532015,89417.4125,0.420233254
2025-11-19 18:00:00,89415.062,89710.4,88720.677869458,89134.1665,0.330404055
2025-11-19 19:00:00,89145.151,89461.719285714,88590.509285714,88786.0985,1.851991189
2025-11-19 20:00:00,88795.745,89593.358,88574.9,89456.665,0.662327215
2025-11-19 21:00:00,89441.695,91000.187614213,89355.435,90526.2335,0.885822341
2025-11-19 22:00:00,90493.384,90602.085,90005.218,90406.1995,0.055373024
2025-11-19 23:00:00,90411.95,91692.047614213,90381.1015,91471.2875,0.124333797
2025-11-20 00:00:00,91491.9565,92274.759,91068.2,91806.57,0.053168218
2025-11-20 01:00:00,91793.57,92687.6,91728.55,92521.9165,2.043934777
2025-11-20 02:00:00,92512.22,92762.686,92232.065,92503.556,0.067944417
2025-11-20 03:00:00,92534.32,92757.8,92261.48,92388.642,0.516919099
2025-11-20 04:00:00,92378.31,92928.8,92024.82,92883.11,0.01772186
2025-11-20 05:00:00,92905.935,93095.395,92453.3,92570.855,0.023085188
2025-11-20 06:00:00,92550.345,92812.989,91567.32,91916.7615,20.245168885
2025-11-20 07:00:00,91930.028,92404.4,91710.4,92240.1915,0.386022318
2025-11-20 08:00:00,92253.7395,92766.107614213,91932.59,92052.3855,0.018613054
2025-11-20 09:00:00,92043.77,92469.8504867063,91348.8885,91827.605,0.059489388
2025-11-20 10:00:00,91838.005,91972.885,91514.357,91713.527,0.002059634
2025-11-20 11:00:00,91724.242,91957.8,91394.5505,91843.75,0.003771338
2025-11-20 12:00:00,91832.37,91996.725,91538.5,91762.1065,0.040295658
2025-11-20 13:00:00,91743.567,92425.8,91200.507614213,91453.5,0.59196581
2025-11-20 14:00:00,91458.7285,93153.7604,90382.165,91019.65,0.079157276
2025-11-20 15:00:00,90994.81,93153.7604,89728.24,89772.31,0.073805038
2025-11-20 16:00:00,89743.155,93153.7604,87452.93682266,87775.25,1.896786957
2025-11-20 17:00:00,87794.865,92249.8195133,86302.048275862,87136.593,1.034029776
2025-11-20 18:00:00,87143.048,91757.208675862,86254.465275862,86385.0425,0.140187425
2025-11-20 19:00:00,86352.526,87049.928,85981.945,86802.155,2.514412678
2025-11-20 20:00:00,86800.637,91510.9032571425,86200.185,86349.715,0.709659252
2025-11-20 21:00:00,86342.048,91510.9032571425,86288.335,87158.25,0.08248882
2025-11-20 22:00:00,87166.585,91510.9032571425,87065.3,87986.365,0.029444059
2025-11-20 23:00:00,87934.794,92003.514094581,86450.028,86531.3125,0.16516579
2025-11-21 00:00:00,86534.373,87402.735,86477.845,87171.865,0.425311019
2025-11-21 01:00:00,87195.3055,87397.44,86738.895,86953.7,0.106542388
2025-11-21 02:00:00,86955.268,89606.418944262,85248.305,85361.03,0.173515374
2025-11-21 03:00:00,85355.653,89261.591358055,85340.2005,85701.1045,2.463623621
2025-11-21 04:00:00,85715.485,86037.7255,85296.06,85940.6435,0.040402059
2025-11-21 05:00:00,85938.3925,89689.5287243859,85709.804,86108.2075,0.762577621
2025-11-21 06:00:00,86084.12,86163.02,85432.6785,85467.952,0.071259284
2025-11-21 07:00:00,85483.658,89175.3844615035,81000.0,83931.123,1.249897093
2025-11-21 08:00:00,83930.27,88079.8179590405,83472.529,83545.31,0.472594996
2025-11-21 09:00:00,83532.746,83887.458,82034.4285,82108.3405,0.390264186
2025-11-21 10:00:00,82114.233,82808.6,81562.481,82575.855,0.655634351
2025-11-21 11:00:00,82580.875,83291.287,82090.0685,82201.1085,0.392282784
2025-11-21 12:00:00,82204.598,83579.3,80527.97,83159.2,1.586799852
2025-11-21 13:00:00,83185.741,87784.2514565775,82276.3043523897,84027.35,0.427211965
2025-11-21 14:00:00,84013.685,88727.144332963,82949.024926108,84755.3785,0.39809946
2025-11-21 15:00:00,84750.2,88727.144332963,82655.36,82852.061,0.350896723
2025-11-21 16:00:00,82841.001,84856.425,82286.163926108,84817.15,0.238073428
2025-11-21 17:00:00,84832.0015,88326.1233777595,84516.0,84811.765,0.284549599
2025-11-21 18:00:00,84825.2455,88720.707673963,83278.7392635465,84507.595,0.414912949
2025-11-21 19:00:00,84499.476,84981.0,84022.789,84142.85,0.135204912
2025-11-21 20:00:00,84148.421,88326.1233777595,83394.81,84511.7925,0.483142077
2025-11-21 21:00:00,84482.3,85373.437,84294.107,85133.51,0.350681982
2025-11-21 22:00:00,85141.88,85400.9,84208.75,84217.924,0.082196852
2025-11-21 23:00:00,84222.05,85314.47,84044.625,85102.8455,0.054230073
2025-11-22 00:00:00,85084.1855,85566.975,84512.025,84697.15,0.020758947
2025-11-22 01:00:00,84679.165,85198.0,84532.865,85105.375,0.042425633
2025-11-22 02:00:00,85113.195,85162.085,84180.084,84472.139,0.045588684
2025-11-22 03:00:00,84472.98,84568.8125,84141.44,84391.79,0.017026986
2025-11-22 04:00:00,84409.564,84546.83,83772.8085,84176.7575,0.07211033
2025-11-22 05:00:00,84187.4195,84334.7,83754.587,84211.5165,0.084728074
2025-11-22 06:00:00,84202.88,84747.755,84024.278,84589.278,0.077132352
2025-11-22 07:00:00,84570.02,84638.632,84344.1115,84525.9,0.176098284
2025-11-22 08:00:00,84545.357,84570.02,83675.6157635465,83966.879,0.145354849
2025-11-22 09:00:00,83979.425,88326.1233777595,83794.8435,83867.074,0.098413398
2025-11-22 10:00:00,83887.0165,84193.8,83443.25,83658.75,0.276764032
2025-11-22 11:00:00,83665.37,84293.9,83576.655,84041.45,0.487777771
2025-11-22 12:00:00,84042.97,84182.6,83578.739,83836.85,0.074310264
2025-11-22 13:00:00,83826.948,84181.43,83609.83,83915.377,0.15625421
2025-11-22 14:00:00,83888.573,84720.55,83888.573,84441.3675,0.006321083
2025-11-22 15:00:00,84444.0305,84528.1855,83965.2655,84241.2115,0.029885108
2025-11-22 16:00:00,84241.5335,88326.1233777595,84108.83,84659.165,0.12440823
2025-11-22 17:00:00,84642.2735,84704.2,84361.22,84507.78,0.680511135
2025-11-22 18:00:00,84493.785,84707.87,84397.4,84623.837,0.017129318
2025-11-22 19:00:00,84626.1425,84763.8715,84449.548,84544.096,0.022300117
2025-11-22 20:00:00,84572.79,84813.9,84195.68,84446.5825,0.917849615
2025-11-22 21:00:00,84426.55,84477.05,84152.4,84376.0415,0.063612541
2025-11-22 22:00:00,84353.9725,88326.1233777595,84224.95,85036.055,0.028526765
2025-11-22 23:00:00,85030.304,85145.7665,84574.99,84686.9,0.009845982
2025-11-23 00:00:00,84698.415,85295.73,84621.731,84913.0405,0.035682419
2025-11-23 01:00:00,84932.114,86082.941,84907.7875,85838.555,1.706889314
2025-11-23 02:00:00,85849.1705,86324.191,85641.3,85962.9965,0.102315225
2025-11-23 03:00:00,85948.6935,86277.1565,85771.2,86277.1565,0.04515155
2025-11-23 04:00:00,86295.229,89034.0051511585,86105.738,86511.124,0.039857053
2025-11-23 05:00:00,86527.368,86585.129,85951.79,86308.2525,0.019105329
2025-11-23 06:00:00,86337.984,86472.15,85819.0545,85824.69,0.033816094
2025-11-23 07:00:00,85840.15,89065.039633917,85370.665,85730.5,0.040811178
2025-11-23 08:00:00,85726.8785,86158.1,85724.885,86102.9015,0.165029457
2025-11-23 09:00:00,86088.395,86436.414,86032.89,86371.888,0.201494047
2025-11-23 10:00:00,86364.097,86435.28,86012.353,86022.8,0.079466143
2025-11-23 11:00:00,86010.33,86386.2775,85795.5528571425,86284.717,0.040338265
2025-11-23 12:00:00,86284.915,86895.98,86226.302,86485.577,0.142226078
2025-11-23 13:00:00,86496.624,86901.793,86281.1245,86882.305,0.024231356
2025-11-23 14:00:00,86894.231,90165.3625169692,86431.785,86500.276,0.099413193
2025-11-23 15:00:00,86525.61,87209.01,86401.3,87052.1,0.049601649
2025-11-23 16:00:00,87048.885,90143.9110712517,86635.646,86645.88,0.397275988
2025-11-23 17:00:00,86663.7675,86933.875,86469.305,86734.505,0.062684878
2025-11-23 18:00:00,86722.057,87238.08,86695.426,86977.315,4.607590757
2025-11-23 19:00:00,86987.1,87745.84,86857.6,87286.1245,0.030155904
2025-11-23 20:00:00,87301.25,87767.06,87226.55,87461.825,0.053437228
2025-11-23 21:00:00,87474.1755,88029.7844741169,87223.963,88007.7944741169,0.026454001
2025-11-23 22:00:00,88023.4844741169,88127.942,87524.2825,88002.718,0.070723445
2025-11-23 23:00:00,88013.7215,88104.302,86694.1,86824.1,0.182544837
2025-11-24 00:00:00,86925.1,87197.441,85914.7,86772.7146875,13.732181766
2025-11-24 01:00:00,86759.3746875,87057.835,86368.39,87036.768,0.007362526
2025-11-24 02:00:00,87036.25,89459.128303868,86983.2285,87507.965,0.036618229
2025-11-24 03:00:00,87493.7385,87772.8885,87163.5785965504,87429.65,0.012961367
2025-11-24 04:00:00,87428.405,87577.21,86400.58,86690.5,0.050204931
2025-11-24 05:00:00,86684.785,89459.128303868,86624.95,87432.589,0.264321748
2025-11-24 06:00:00,87440.693,89459.128303868,86758.686,86869.4915,0.031733374
2025-11-24 07:00:00,86868.2605,87350.497,86648.5965,87026.78,0.016564438
2025-11-24 08:00:00,86997.545,87020.63,86640.744,86923.247,0.045298262
2025-11-24 09:00:00,86922.4075,86951.418,85774.695,85897.9545,0.007992355
2025-11-24 10:00:00,85913.545,86158.365,85589.389,85998.65,3.545097231
2025-11-24 11:00:00,86002.293,86387.875,85783.095,86224.45,0.034126782
2025-11-24 12:00:00,86210.9025,86294.955,85833.3,85949.387,0.022455452
2025-11-24 13:00:00,85963.675,86541.642,85888.95,86104.742,0.068976773
2025-11-24 14:00:00,86107.61,89459.128303868,85212.665,86101.665,1.307814337
2025-11-24 15:00:00,86091.96,89134.0051511585,85857.632,86565.165,0.415826419
2025-11-24 16:00:00,86569.14,90050.261308794,86568.15,87134.64,0.164762549
2025-11-24 17:00:00,87129.42,90050.261308794,86846.6,88356.005,0.1643669
2025-11-24 18:00:00,88359.815,89065.039633917,88165.0155,88685.549,0.339493731
2025-11-24 19:00:00,88704.06,89557.6504713555,88098.125,88320.76,0.265975834
2025-11-24 20:00:00,88316.7,89289.8,88316.7,89069.625,0.16485418
2025-11-24 21:00:00,89063.4,89234.3,88677.3997081412,88759.850369458,2.221545651
2025-11-24 22:00:00,88747.045369458,89091.171,88568.454,88620.2375,0.11540883
2025-11-24 23:00:00,88611.326,88714.489,88220.831,88290.289,0.010652128
2025-11-25 00:00:00,88269.71,88320.78,87833.21,88084.17,0.073526743
2025-11-25 01:00:00,88069.0,90444.349978745,87688.3105,87721.4945,0.002143996
2025-11-25 02:00:00,87706.6015,87961.369,87497.766364532,87865.9,0.017600723
2025-11-25 03:00:00,87884.615,88008.92,87547.74,87799.1655,0.084466438
2025-11-25 04:00:00,87804.3325,90436.393984532,87754.3945,88306.7545,0.068284549
2025-11-25 05:00:00,88304.54,88329.5135,87903.59,88079.91,0.001578151
2025-11-25 06:00:00,88095.54,88190.0,87762.57,87976.995,0.281214605
2025-11-25 07:00:00,87983.4,88117.59,87301.9,87371.6475,0.115399066
2025-11-25 08:00:00,87396.58,87649.8,86975.3515,87002.495,0.040755454
2025-11-25 09:00:00,87005.1205,87310.396,86727.8250246305,87211.1475,0.087023063
2025-11-25 10:00:00,87236.389,87424.0795,86918.878,87411.6175,0.072406951
2025-11-25 11:00:00,87401.7105,87560.657,87283.4395,87343.124,0.061076378
2025-11-25 12:00:00,87353.4905,87769.33,87353.4905,87506.0335,0.027826386
2025-11-25 13:00:00,87499.75,87731.1,86838.49,87060.422,0.27171463
2025-11-25 14:00:00,87052.325,90050.261308794,86084.597608374,86722.53,0.15863534
2025-11-25 15:00:00,86709.12,87325.88,86159.8,86951.9,0.272421172
2025-11-25 16:00:00,86935.847,87311.37,86678.7,87077.285,0.042936067
2025-11-25 17:00:00,87057.7145,88114.195,86987.4,87592.7795,0.017027713
2025-11-25 18:00:00,87585.51,87819.0,87187.757,87208.035,0.177231318
2025-11-25 19:00:00,87211.3825,87293.617,86136.9705,86829.205,0.148649109
2025-11-25 20:00:00,86844.495,87498.28,86682.7635,87356.6265,0.096699562
2025-11-25 21:00:00,87352.565,87430.497,86950.1075,87021.6205,0.004685914
2025-11-25 22:00:00,87011.85,87698.3325,86551.954,87628.715,0.0633688
2025-11-25 23:00:00,87595.6685,87869.8605,87250.0,87337.275,0.029759369
2025-11-26 00:00:00,87332.146,87780.147,87279.28,87536.86,0.077849307
2025-11-26 01:00:00,87532.65,88202.258,87295.1,87883.325,0.100316123
2025-11-26 02:00:00,87911.5795,88068.88,87624.8505,87668.607,1.526288957
2025-11-26 03:00:00,87711.415,87913.3,87029.865,87088.83,0.031645799
2025-11-26 04:00:00,87096.85,87337.45,86837.32,87216.1185,0.006134512
2025-11-26 05:00:00,87189.613,87731.6721798113,87189.613,87474.2045,0.041092262
2025-11-26 06:00:00,87476.972,87857.0105,87392.44,87760.82,0.054663989
2025-11-26 07:00:00,87774.665,87939.75,87609.7,87932.2,0.154980219
2025-11-26 08:00:00,87918.9135,87921.205,87357.74,87390.55,0.122066859
2025-11-26 09:00:00,87380.162,87449.0,86646.764,86795.205,0.080221427
2025-11-26 10:00:00,86791.307,87040.2965,86639.636,86937.4285,0.040829973
2025-11-26 11:00:00,86909.5395,87086.56,86715.657,87067.85,0.037189989
2025-11-26 12:00:00,87064.376,87353.448275862,86282.298275862,86626.235,0.124827781
2025-11-26 13:00:00,86630.075,87551.4552,86532.6,87098.849,0.118464754
2025-11-26 14:00:00,87093.25,87698.79,86786.7035,86874.1065,0.293762515
2025-11-26 15:00:00,86858.3,87364.0,86671.5262,86945.05,0.034524273
2025-11-26 16:00:00,86945.1495,87949.95,86922.915,87796.155,0.075708072
2025-11-26 17:00:00,87814.55,90018.3,87681.8035,89827.356,0.075863812
2025-11-26 18:00:00,89827.795,90355.329949238,89458.039974619,90137.955,0.144878113
2025-11-26 19:00:00,90124.55,90205.0,89695.6,89953.29,0.074750053
2025-11-26 20:00:00,89943.555,90140.18,89488.634,89877.5185,0.051914154
2025-11-26 21:00:00,89886.335,90487.45,89775.35,90184.195,0.138486286
2025-11-26 22:00:00,90191.109,90637.79,90053.5,90388.705,0.13823466
2025-11-26 23:00:00,90372.25,90642.88,90275.187,90492.175,0.047793749
2025-11-27 00:00:00,90481.637,91380.310569878,90062.5,90471.02,0.020612573
2025-11-27 01:00:00,90481.3835,91257.0,90179.802955665,91122.7825,0.306316232
2025-11-27 02:00:00,91116.87,91966.5,90872.6465,91387.02,0.014808931
2025-11-27 03:00:00,91383.2755,91671.124,91028.7105,91100.442,0.060083149
2025-11-27 04:00:00,91093.3795,91424.3,90976.749,91290.338,0.064876179
2025-11-27 05:00:00,91271.1015,91613.5,90856.1,90982.3,0.422552956
2025-11-27 06:00:00,90989.29,91525.965,90952.1,91241.0,0.091438026
2025-11-27 07:00:00,91242.0865,91579.49,91120.455,91422.926,0.155496186
2025-11-27 08:00:00,91411.695,91609.84,91201.4,91480.431,0.062051457
2025-11-27 09:00:00,91480.47,91950.6395,91436.5,91543.8825,0.034114669
2025-11-27 10:00:00,91556.0905,91827.1,91294.992,91592.396,0.026214813
2025-11-27 11:00:00,91606.175,91714.19,91292.7,91382.83,0.063583556
2025-11-27 12:00:00,91363.93,91549.1,90947.44,90982.65,0.020947408
2025-11-27 13:00:00,90968.8835,91144.75,90397.629,90833.44,0.022920352
2025-11-27 14:00:00,90844.2165,91046.76,90565.75,90774.02,0.403086237
2025-11-27 15:00:00,90767.285,91069.3,90619.832,90937.385,0.098081166
2025-11-27 16:00:00,90964.59,91568.43,90830.6005,91476.56,0.049035605
2025-11-27 17:00:00,91457.983,91676.6,91285.66,91450.9335,0.067890146
2025-11-27 18:00:00,91469.2855,91892.276,91333.1725,91766.43,0.009392882
2025-11-27 19:00:00,91787.375,91791.15,91473.94,91522.26,0.074107991
2025-11-27 20:00:00,91442.9,91661.343,91333.1725,91452.3,0.288384961
2025-11-27 21:00:00,91421.58625,91681.31,91198.379,91421.0095,0.094174501
2025-11-27 22:00:00,91432.4325,91698.42,91104.565,91327.62,0.00147862
2025-11-27 23:00:00,91319.805,91626.2,91203.5945,91349.401,0.0372618
2025-11-28 00:00:00,91317.927,91415.55,91047.1,91175.25,0.007672899
2025-11-28 01:00:00,91265.1,91265.1,90750.0,90798.9105,0.047408684
2025-11-28 02:00:00,90772.994,91363.231727138,90621.2,91090.935,0.003994113
2025-11-28 03:00:00,91064.795,91378.0,90884.78,91225.6,0.650651954
2025-11-28 04:00:00,91217.548,91559.835,91105.036,91400.913,0.610646545
2025-11-28 05:00:00,91420.05,91812.211,91243.23,91615.575,0.050010937
2025-11-28 06:00:00,91578.705,91666.8,91152.921,91300.48,0.105153815
2025-11-28 07:00:00,91309.603,91617.985,90781.2,90908.85,0.087271264
2025-11-28 08:00:00,90904.15,91714.14,90872.1,91698.735,0.106662591
2025-11-28 09:00:00,91691.955,91839.206,91378.0,91602.67,0.053032555
2025-11-28 10:00:00,91590.7665,91970.65,91399.3,91834.905,0.019182617
2025-11-28 11:00:00,91829.4855,92004.674,91034.2,91447.3005,0.026683065
2025-11-28 12:00:00,91434.302,91703.1,91397.485,91517.7,0.092163753
2025-11-28 13:00:00,91519.701,92625.2105,91367.5885,92372.48,0.061708025
2025-11-28 14:00:00,92364.6985,93011.3426395935,91731.544,92252.5,0.198105777
2025-11-28 15:00:00,92254.8195,92868.0,91981.11,92370.17,0.03042692
2025-11-28 16:00:00,92371.84,92688.029806706,90885.582,90951.0385,0.014498617
2025-11-28 17:00:00,90975.58,91223.005,90226.6361256155,90666.447,0.482938347
2025-11-28 18:00:00,92185.566752519,92185.566752519,90432.65,90853.362,0.143170219
2025-11-28 19:00:00,90849.428,91237.0,90831.8545,91153.739,0.06664567
2025-11-28 20:00:00,91152.4505,91322.098,90817.6,91225.5145,0.002479851
2025-11-28 21:00:00,91250.53,91347.17,90891.1375,90891.1375,0.005517021
2025-11-28 22:00:00,90911.297,91190.95,90725.805,91137.597,0.00093906
2025-11-28 23:00:00,91150.1855,91243.005,90887.578,90887.995,0.0012416
2025-11-29 00:00:00,90909.62,91084.13,90788.3465,90915.341,0.061533408
2025-11-29 01:00:00,90896.7755,91206.8,90805.7,90883.8275,0.022623072
2025-11-29 02:00:00,90916.432,91030.6,90550.7,90825.017,0.002304822
2025-11-29 03:00:00,90813.3795,90964.82,90666.875,90676.3535,0.02030384
2025-11-29 04:00:00,90699.541,90971.5,90563.037,90936.755,0.010551526
2025-11-29 05:00:00,90930.4585,91037.55,90739.3698,90804.6869,0.028264559
2025-11-29 06:00:00,90801.8849,92185.566752519,90329.308,90590.233,0.012382476
2025-11-29 07:00:00,90594.45,90778.32,90340.163,90598.8415,0.025461481
2025-11-29 08:00:00,90580.7515,90858.6,90491.625,90662.155,0.031563964
2025-11-29 09:00:00,90647.233,90771.43,90465.7,90593.465,0.002406098
2025-11-29 10:00:00,90568.434,90766.5,90411.125,90569.078,0.047856715
2025-11-29 11:00:00,90596.146,90796.61,90477.945,90703.5395,0.115315163
2025-11-29 12:00:00,90692.3715,90890.855,90523.98,90662.335,0.007238325
2025-11-29 13:00:00,90641.5,90948.08,90619.2,90830.374,0.032990718
2025-11-29 14:00:00,90815.409,90875.28,90572.74,90641.935,0.007809556
2025-11-29 15:00:00,90648.087,91159.4445,90623.17,91099.8725,0.015407131
2025-11-29 16:00:00,91117.15,92185.566752519,90890.828,91056.142,0.015524075
2025-11-29 17:00:00,91033.8185,91132.414,90458.236,90460.335,0.002213387
2025-11-29 18:00:00,90461.0625,92185.566752519,90191.6,90746.4585,0.066552183
2025-11-29 19:00:00,90712.53,90892.0,90591.553,90682.0,0.010534336
2025-11-29 20:00:00,90675.5,91082.59,90418.9345,90991.787,0.043902107
2025-11-29 21:00:00,91006.108,91142.805,90848.14,91047.9345,0.0070755
2025-11-29 22:00:00,91032.2715,91035.386,90696.27,90804.9235,0.001984137
2025-11-29 23:00:00,90788.46,90976.751,90679.3,90854.245,0.002181
2025-11-30 00:00:00,90860.64,91038.39,90696.8,90900.615,0.039923194
2025-11-30 01:00:00,90951.93,91108.1,90900.615,90979.475,0.005724949
2025-11-30 02:00:00,90961.93,91102.03,90774.0,90813.715,0.003692
2025-11-30 03:00:00,90816.75,91027.071,90484.265,90931.455,0.003797473
2025-11-30 04:00:00,90944.4,91085.9,90761.762,90880.175,0.036029311
2025-11-30 05:00:00,90811.68,90945.3,90670.69,90803.04,0.024119143
2025-11-30 06:00:00,90873.08,91036.19,90693.81,90924.9905,0.01157082
2025-11-30 07:00:00,90891.7,91088.957,90855.831,90984.345,0.010201971
2025-11-30 08:00:00,90972.325,91490.03,90940.97,91209.8725,0.009335347
2025-11-30 09:00:00,91201.37,91642.2,91137.4145,91437.6,0.004990766
2025-11-30 10:00:00,91406.944,91483.095,91174.6,91227.6875,0.027036546
2025-11-30 11:00:00,91251.08,91484.562,91045.97,91079.0335,0.034532616
2025-11-30 12:00:00,91066.835,91583.7,91050.041,91500.49,0.004084558
2025-11-30 13:00:00,91490.283,92071.1,91122.7720356155,91771.6229044669,0.101862049
2025-11-30 14:00:00,91796.575,91845.64,91262.8385,91521.975,0.08144348
2025-11-30 15:00:00,91490.666,91687.18,91322.315,91438.847,0.005656214
2025-11-30 16:00:00,91467.585,91958.18,91168.7283064035,91843.295,0.010688004
2025-11-30 17:00:00,91837.9105,91837.9105,91273.6,91497.7635,0.008410417
2025-11-30 18:00:00,91500.065,91544.56,91177.875,91484.3525,0.035469326
2025-11-30 19:00:00,91469.79,91554.631,91293.2915,91480.4,0.000243
2025-11-30 20:00:00,91464.124,91652.215,91158.6,91330.4315,0.005295091
2025-11-30 21:00:00,91338.85,91430.74,90910.5345,91167.7335,0.007625169
2025-11-30 22:00:00,91165.2925,91408.149,91055.86,91230.868,0.005008915
2025-11-30 23:00:00,91227.9975,91283.076,90340.7475,90363.02,0.001908571
2025-12-01 00:00:00,90365.775,91939.2613338,86935.69,87024.715,0.305470004
2025-12-01 01:00:00,86991.421,87761.855,86949.071,87173.2,0.035347418
2025-12-01 02:00:00,87172.905,90215.1234027655,86471.5,86724.635,6.978064245
2025-12-01 03:00:00,86724.396,86854.32,86206.896551724,86376.685,0.060193717
2025-12-01 04:00:00,86363.1815,86382.73,85717.41,85841.5985,0.244374111
2025-12-01 05:00:00,85843.545,86090.4,85576.184,85995.5925,0.141669361
2025-12-01 06:00:00,85984.605,86395.02,85967.6865,86248.134,0.109559574
2025-12-01 07:00:00,86254.5,86647.8,86047.835,86572.34,0.034160654
2025-12-01 08:00:00,86541.934,86909.4,86390.83,86889.9405,0.040641153
2025-12-01 09:00:00,86874.411,86947.8,86510.8065,86693.8965,0.029522572
2025-12-01 10:00:00,86717.932,86888.03,86526.506,86641.88,0.097431815
2025-12-01 11:00:00,86641.885,86791.8,86057.02,86143.515,0.135881748
2025-12-01 12:00:00,86135.315,86238.88,84734.08,85421.61,0.767542797
2025-12-01 13:00:00,85402.835,86182.51,85326.529,85982.0795,0.125300859
2025-12-01 14:00:00,85988.235,90114.2701269035,85857.611,86070.6505,0.190375744
2025-12-01 15:00:00,86054.795,86208.43,83870.65,84671.56,1.27604635
2025-12-01 16:00:00,84663.47,85458.1906586117,84031.17,84543.64,0.087647393
2025-12-01 17:00:00,84553.083,85274.3,84445.544,84977.78,0.041452031
2025-12-01 18:00:00,84984.48,85577.445,84737.7005,85220.23,1.198283924
2025-12-01 19:00:00,85222.31,85376.087,84590.5235,85063.815,0.115648214
2025-12-01 20:00:00,85050.34,85895.78,85047.518,85508.175,0.224026659
2025-12-01 21:00:00,85503.215,86556.67,85499.5365,86448.1785,0.05625453
2025-12-01 22:00:00,86442.473,86886.24,86293.97,86586.38,0.006419821
2025-12-01 23:00:00,86602.285,86843.142,86199.36,86289.15,0.006213277
2025-12-02 00:00:00,86270.82,86673.335,86167.6,86505.55,0.030681466
2025-12-02 01:00:00,86522.315,87340.685,86363.12,86452.1908109501,0.080677797
2025-12-02 02:00:00,86449.5908109501,86916.7,86266.015,86548.285,0.038280465
2025-12-02 03:00:00,86546.095,87100.115,86209.805,86961.235,0.069210248
2025-12-02 04:00:00,86982.7845,87315.2,86905.45,87008.895,0.020823472
2025-12-02 05:00:00,87042.9,87150.1,86822.488,87016.56,0.023829328
2025-12-02 06:00:00,87027.7555,87246.26,86821.24,87123.7995,0.065883108
2025-12-02 07:00:00,87134.555,87213.1,86846.23,87012.8,0.157990522
2025-12-02 08:00:00,87022.375,87122.75,86364.79,86466.8925,0.013617943
2025-12-02 09:00:00,86465.35,87015.432,86446.6145,86763.41,0.711256961
2025-12-02 10:00:00,86763.31,88812.135,86756.51,87287.42,0.056402123
2025-12-02 11:00:00,87250.119,87601.3395,86975.3,87387.375,0.053479038
2025-12-02 12:00:00,87387.3775,87588.45,87187.358,87292.05,0.047525151
2025-12-02 13:00:00,87269.888,87884.45,87054.32,87734.995,0.059226413
2025-12-02 14:00:00,87749.19,89365.97,87626.62,89280.05,0.113571516
2025-12-02 15:00:00,89276.1,91223.202,89147.9882237864,90852.8305,0.152189819
2025-12-02 16:00:00,90878.5985,91298.4,90211.2,90779.6465,0.101306686
2025-12-02 17:00:00,90762.0795,92034.6925,90515.4258379994,91446.6822427581,0.029032525
2025-12-02 18:00:00,91437.6227427581,92544.132114213,91370.7,91976.602,0.032474804
2025-12-02 19:00:00,91956.691,92405.06,91877.1245,91925.8535,0.029273165
2025-12-02 20:00:00,91918.059,91961.835,89602.3682237864,91065.658,0.131006932
2025-12-02 21:00:00,91074.5075,91701.68,90983.3,91604.725,0.149603535
2025-12-02 22:00:00,91607.7485,92044.595,91527.0885,92021.968,0.004416505
2025-12-02 23:00:00,92016.65,92090.403,91287.5,91298.385,0.001763354
2025-12-03 00:00:00,91310.902,91797.4,91013.88,91673.455,0.00594214
2025-12-03 01:00:00,91682.8515,92496.0495,91486.714,92277.6,0.008830103
2025-12-03 02:00:00,92287.087,93091.86,90515.4258379994,92838.08,0.01204391
2025-12-03 03:00:00,92820.0105,93110.9715,92589.0865,92666.7175,0.516018339
2025-12-03 04:00:00,92679.4315,93390.434114213,91528.0938211095,93340.541614213,0.023752841
2025-12-03 05:00:00,93352.357614213,93720.8,93130.9565,93661.254,0.107260646
2025-12-03 06:00:00,93646.823,94041.116,92035.7080343075,93461.5,0.099211539
2025-12-03 07:00:00,93453.0265,93538.9,92877.175,93009.5345,0.81106085
2025-12-03 08:00:00,93057.4695,93222.154,92628.14,92734.1025,0.012626682
2025-12-03 09:00:00,92799.8405,93253.8885,92717.1,93186.84,0.007243934
2025-12-03 10:00:00,93200.992,93443.969,92821.241,92947.0,0.035070551
2025-12-03 11:00:00,92970.7525,93167.667,92688.275,93002.55,0.036909262
2025-12-03 12:00:00,93029.7205,93150.455,92676.5,92965.02,0.009082804
2025-12-03 13:00:00,92957.358,93326.269,92886.816,93174.5235,0.02671543
2025-12-03 14:00:00,93146.47,93716.995,89655.172413793,92373.915,0.060764172
2025-12-03 15:00:00,92373.64,93067.89,91874.13,92393.646,0.299598646
2025-12-03 16:00:00,92407.821,92861.5,91787.85,92266.2185,0.279187123
2025-12-03 17:00:00,92260.4435,93291.078858661,92199.99,92971.35,0.022198872
2025-12-03 18:00:00,92996.5435,93550.61,92400.5325,92658.6325,0.104556665
2025-12-03 19:00:00,92650.789,93145.63,92035.7080343075,93040.935,0.005959516
2025-12-03 20:00:00,93050.1915,93481.3466068965,92844.4475,92997.4985,3.134924319
2025-12-03 21:00:00,92976.6005,93803.805,92859.94,93709.8,0.00254312
2025-12-03 22:00:00,93711.105,94180.6635,93050.9364607035,93780.3895,0.220117315
2025-12-03 23:00:00,93822.2915,94135.8075,93050.9364607035,93470.08,0.111507038
2025-12-04 00:00:00,93453.2095,93520.53,92678.4315,93078.007,0.005064251
2025-12-04 01:00:00,93067.4625,93791.246,90647.6896806465,93200.555,0.013018025
2025-12-04 02:00:00,93214.25,94107.949,93127.135,93972.2835,0.018520699
2025-12-04 03:00:00,93979.0235,94106.9585,93386.36,93551.1795,0.017790076
2025-12-04 04:00:00,93532.16,93576.32,93178.66,93349.9255,0.174825395
2025-12-04 05:00:00,93371.0585,93426.0,92711.55,92998.876,0.166012174
2025-12-04 06:00:00,93006.968,93457.02,92766.93,93170.72,0.010129875
2025-12-04 07:00:00,93150.785,93466.076,92896.405,93421.289,0.015499431
2025-12-04 08:00:00,93422.021,93580.425,93044.775,93275.645,0.017567333
2025-12-04 09:00:00,93286.872,93617.7,93219.98,93473.185,0.027804644
2025-12-04 10:00:00,93476.2,93617.7,93170.7,93269.5,0.046195565
2025-12-04 11:00:00,93278.1375,93434.5,92725.9,92954.335,0.012797196
2025-12-04 12:00:00,92940.25,93221.043,92777.05,93002.116,0.002256
2025-12-04 13:00:00,93028.0875,93170.181,92422.5,92529.7915,0.0474935
2025-12-04 14:00:00,92526.5,92858.722,91795.347,91905.214,0.040231303
2025-12-04 15:00:00,91907.205,93305.9,91131.7838375,93005.4955,0.023443962
2025-12-04 16:00:00,93015.55,93200.239,92274.73,92461.455,0.070705185
2025-12-04 17:00:00,92457.0435,92625.0,91781.2405,92466.9,0.102996763
2025-12-04 18:00:00,92440.5665,92596.936,91917.65,92163.05,0.057884229
2025-12-04 19:00:00,92161.495,92265.033,90909.8415,92003.7785,0.016590079
2025-12-04 20:00:00,91988.96,92638.2,91714.35,92551.4,0.068684439
2025-12-04 21:00:00,92510.34,92748.22,92096.35,92154.063,0.005561222
2025-12-04 22:00:00,92180.4475,92605.9,92155.2,92382.1085,0.007329178
2025-12-04 23:00:00,92332.706,92559.0,92001.4,92080.4,0.014712786
2025-12-05 00:00:00,92100.15,92525.3,92080.81,92323.11,0.064309286
2025-12-05 01:00:00,92321.061,92712.7,91636.4362068965,92398.75,0.035993988
2025-12-05 02:00:00,92367.2045,92810.7,92203.2,92548.345,0.021193903
2025-12-05 03:00:00,92539.44,92701.6425,91636.4362068965,92184.605,0.002808512
2025-12-05 04:00:00,92147.4115,92499.874,91826.0965,92032.3105,0.001447521
2025-12-05 05:00:00,92050.7345,92310.951,91837.3,91950.877,0.021021166
2025-12-05 06:00:00,91948.315,92403.81,91919.805,92306.585,0.0147627
2025-12-05 07:00:00,92283.6,92563.199,92212.6,92284.235,0.009120326
2025-12-05 08:00:00,92279.3,92345.139,91863.135909,92110.181,0.063355715
2025-12-05 09:00:00,92132.525,92242.1,90959.5,91142.176,0.010098185
2025-12-05 10:00:00,91144.555,91561.854,91023.93,91318.32,0.108356249
2025-12-05 11:00:00,91325.35,91656.8,91148.7805,91368.0195,0.025874588
2025-12-05 12:00:00,91378.402,91476.7,91094.955,91268.852,0.053991222
2025-12-05 13:00:00,91268.1685,91388.395,90266.405,90506.0485,0.018021985
2025-12-05 14:00:00,90489.378,91636.4362068965,89911.9985,90311.2715,0.087114511
2025-12-05 15:00:00,90318.74,92110.38125,90277.103,90475.91,0.078292347
2025-12-05 16:00:00,90457.9605,91308.85,88183.6699507385,88815.91,0.135160676
2025-12-05 17:00:00,88808.7185,89530.59,88623.994,89351.8685,1.934757164
2025-12-05 18:00:00,89354.534,90897.5199507385,88930.896,88981.525,0.305122608
2025-12-05 19:00:00,88977.235,90897.5199507385,88838.145,89681.38,0.250710724
2025-12-05 20:00:00,89638.77,89788.07,89169.2,89292.6346629238,0.049906925
2025-12-05 21:00:00,89289.7496629238,89544.506,89061.896,89203.583,0.017347242
2025-12-05 22:00:00,89225.27,89444.1,88932.0565,89276.62,0.029065668
2025-12-05 23:00:00,89292.9785,89430.937,88965.7065,89338.34,0.038569398
2025-12-06 00:00:00,89356.0245,89518.375,89058.8,89435.8825,0.034212445
2025-12-06 01:00:00,89439.995,89544.16,89201.45,89348.1465,0.002895835
2025-12-06 02:00:00,89359.656,89434.4685,89156.31,89421.713,0.004861204
2025-12-06 03:00:00,89429.237,89854.711,89399.245,89687.8895,0.039056182
2025-12-06 04:00:00,89697.8,89785.623,89538.51,89660.1595,0.032882198
2025-12-06 05:00:00,89683.248,89842.0,89468.6,89625.875,0.018545724
2025-12-06 06:00:00,89638.182,89813.47,89484.9,89716.033,0.046059776
2025-12-06 07:00:00,89692.209,89794.57,89461.075,89601.05,0.005568438
2025-12-06 08:00:00,89606.46,89709.09,89237.95,89301.225,0.062070284
2025-12-06 09:00:00,89277.939,89766.281,89276.53,89611.165,0.021795616
2025-12-06 10:00:00,89583.133,89719.185,89435.07,89520.822,0.007859829
2025-12-06 11:00:00,89513.315,89818.7,89501.35,89656.003,0.157569693
2025-12-06 12:00:00,89659.825,89753.978,89514.019,89599.83,0.030595122
2025-12-06 13:00:00,89597.0,89880.217,89541.48,89693.368,0.025077145
2025-12-06 14:00:00,89686.12,91010.8204433495,89646.05,90005.008,1.888613513
2025-12-06 15:00:00,90033.375,91010.8204433495,89500.645,89766.625,0.012091768
2025-12-06 16:00:00,89770.182,91010.8204433495,89642.957,89746.884,0.017218843
2025-12-06 17:00:00,89733.312,89876.9755,89623.0,89739.6805,0.004119836
2025-12-06 18:00:00,89751.236,89926.27,89545.52,89671.17,0.000348
2025-12-06 19:00:00,89685.84,91010.8204433495,89287.5525,89431.31,0.000349359
2025-12-06 20:00:00,89423.2065,89673.17,89330.5105,89553.812,0.078057064
2025-12-06 21:00:00,89571.7195,89659.175,89381.5735416748,89433.7895,0.005066655
2025-12-06 22:00:00,89467.55,89606.343,89225.197,89290.4315,0.001698409
2025-12-06 23:00:00,89297.5085,89429.25,89000.0,89261.4355,0.028492247
2025-12-07 00:00:00,89368.089,89627.0,89191.0,89429.6975,0.002281388
2025-12-07 01:00:00,89418.34,89627.0095,89308.195,89321.315,0.058266165
2025-12-07 02:00:00,89321.5185,89711.825,89291.69,89658.9625,0.013152
2025-12-07 03:00:00,89743.025,89802.0,89512.22,89734.78,0.001947
2025-12-07 04:00:00,89740.3,89779.22,89462.5,89555.089,0.00127494
2025-12-07 05:00:00,89455.078,89656.92,89379.7,89514.265,0.018702294
2025-12-07 06:00:00,89534.65,89781.243,89471.1,89721.55,0.004031801
2025-12-07 07:00:00,89709.15,89741.35,89209.5815,89379.65,0.081923058
2025-12-07 08:00:00,89381.85,89588.47,89193.565,89326.458,0.011703082
2025-12-07 09:00:00,89306.3945,89465.6,89000.0,89114.923,0.016100852
2025-12-07 10:00:00,89108.6,89454.6,89107.68,89262.6575,0.026594392
2025-12-07 11:00:00,89251.634,89387.346,89152.075,89152.075,0.02490183
2025-12-07 12:00:00,89168.15,89705.996,89118.91,89493.55,0.013672251
2025-12-07 13:00:00,89487.829,89597.9,88717.403,89062.155,0.017673162
2025-12-07 14:00:00,89063.5015,89193.7,87734.305,88226.43,1.2069144
2025-12-07 15:00:00,88263.609,89722.5125,88112.621,89564.385,0.030855282
2025-12-07 16:00:00,89557.5445,89928.3,88715.9182237863,89909.332,0.12935199
2025-12-07 17:00:00,89892.2,91303.465,89620.525,90977.363,1.090618578
2025-12-07 18:00:00,90959.477,91783.5315,90959.477,91404.395,0.164754394
2025-12-07 19:00:00,91392.532,91655.4,91226.9255,91436.023,0.072501152
2025-12-07 20:00:00,91446.0785,91610.5,91273.142,91449.54,0.048967511
2025-12-07 21:00:00,91476.146,91476.146,89876.695,90261.01,0.008034048
2025-12-07 22:00:00,90260.595,90264.74,89024.727,89611.15,0.011942008
2025-12-07 23:00:00,89606.2,90504.99,89527.4115,90397.4175,0.001420302
2025-12-08 00:00:00,90413.6725,90620.6095,89866.6515,90359.255,0.013679274
2025-12-08 01:00:00,90379.0475,91787.4,90324.435,90936.392,0.009140786
2025-12-08 02:00:00,90910.235,91476.34,90810.425,91372.555,0.005866706
2025-12-08 03:00:00,91380.709,91444.164,90925.4,91062.625,0.016546503
2025-12-08 04:00:00,91095.18,91538.711,91018.1,91292.387,0.017023274
2025-12-08 05:00:00,91308.746,91490.227,91031.974,91330.684,0.017508452
2025-12-08 06:00:00,91351.874,91684.34,91235.95,91463.043,0.003377391
2025-12-08 07:00:00,91500.404,91916.002,91356.778,91595.6,0.010570492
2025-12-08 08:00:00,91559.558,91966.762,91492.4175,91836.825,0.180176472
2025-12-08 09:00:00,91830.424,92306.181,91801.1,91931.1565,0.10439999
2025-12-08 10:00:00,91912.6755,92298.13,91803.6,92146.8,0.031128312
2025-12-08 11:00:00,92149.925,92263.573,91830.811,91979.43,0.015929805
2025-12-08 12:00:00,91987.445,92011.2165,91681.85,91790.545,0.040379665
2025-12-08 13:00:00,91782.0,92242.21,91334.766,91441.794,0.175463367
2025-12-08 14:00:00,91472.7005,91760.789,89544.4145320195,90839.295,0.025494551
2025-12-08 15:00:00,90835.649,91558.1005726285,89614.552,89968.4845,0.0204284
2025-12-08 16:00:00,89966.88,91558.1005726285,89673.2555,89968.5,0.127683023
2025-12-08 17:00:00,89974.772,90370.95,89692.422,90267.295,0.035367014
2025-12-08 18:00:00,90263.3275,91558.1005726285,89723.4325,89929.01,0.008121067
2025-12-08 19:00:00,89914.158,90387.877,89814.152,90125.0,0.031186793
2025-12-08 20:00:00,90140.6035,90950.31,90055.955,90814.353,0.377331514
2025-12-08 21:00:00,90804.8165,91425.0,90669.12,91320.9,0.002798909
2025-12-08 22:00:00,91330.66,91392.8,90731.061,90866.145,0.005890972
2025-12-08 23:00:00,90868.135,91049.766,90497.195,90638.6,0.003201077
2025-12-09 00:00:00,90628.67,90888.485,90345.546,90386.305,0.022897326
2025-12-09 01:00:00,90397.645,90607.039,89964.6,90055.25,0.002005125
2025-12-09 02:00:00,90070.23,90396.2505,89978.0,90090.249,0.003233012
2025-12-09 03:00:00,90070.1535,92022.382098309,89803.85,90418.4675,0.004283997
2025-12-09 04:00:00,90414.625,90558.3,89724.55,89956.016,0.149121238
2025-12-09 05:00:00,89928.893,90240.925,89548.042,89911.163,0.034796106
2025-12-09 06:00:00,89914.05,90268.0755,89750.73,90166.6985,0.012682619
2025-12-09 07:00:00,90180.4575,90578.3455,90061.75,90502.254,0.01446214
2025-12-09 08:00:00,90496.8965,90634.37,90355.045,90520.25,0.008479188
2025-12-09 09:00:00,90516.543,90516.787,90124.358,90124.358,0.001277877
2025-12-09 10:00:00,90145.29,90365.78,89928.7835,90290.4155,0.016518315
2025-12-09 11:00:00,90316.37,90423.9615,90127.174,90387.0665,0.004102362
2025-12-09 12:00:00,90398.845,90713.345,90305.235,90570.556,0.004301998
2025-12-09 13:00:00,90580.8705,90880.065,90177.945,90444.9,0.015209597
2025-12-09 14:00:00,90437.575,92099.9724938105,90002.705,90341.71,0.029181951
2025-12-09 15:00:00,90357.28,92909.7065,90270.22,92728.15,0.090082093
2025-12-09 16:00:00,92719.865,94520.44,90426.6112625665,94231.45,0.172686272
2025-12-09 17:00:00,94185.015,94646.745,90757.7864735265,93940.408,0.501832816
2025-12-09 18:00:00,93940.7195,94236.865,93663.561,93963.8555,2.206117615
2025-12-09 19:00:00,93930.9,94245.275,93653.2435,93837.8835,0.016283089
2025-12-09 20:00:00,93829.196,93878.78,92765.8785,93130.05,0.099671306
2025-12-09 21:00:00,93162.09,93273.2195,92256.9095,92661.883,0.007438573
2025-12-09 22:00:00,92647.18,93066.1755,92490.725,92903.4355,0.002462447
2025-12-09 23:00:00,92888.055,93031.4535,92546.1,92681.575,0.00321541
2025-12-10 00:00:00,92690.785,92799.0545,92087.043,92124.575,0.009093455
2025-12-10 01:00:00,92169.227,92436.9,91973.095,92362.987,0.006086065
2025-12-10 02:00:00,92322.812,92614.25,92026.3,92523.56,0.00687916
2025-12-10 03:00:00,92544.4335,92583.9,92339.8075,92417.281,0.004899213
2025-12-10 04:00:00,92454.735,92696.3,92380.647,92585.929,0.013907357
2025-12-10 05:00:00,92577.08,92781.4,92521.135,92560.18,0.02676212
2025-12-10 06:00:00,92553.875,92788.8235,92402.2145,92724.285,0.005941477
2025-12-10 07:00:00,92694.482,92818.347,92485.7275,92818.347,0.013559753
2025-12-10 08:00:00,92804.76,92837.12,92541.7685,92629.277,0.156339487
2025-12-10 09:00:00,92631.58,92983.265,92439.2715,92955.715,0.037640085
2025-12-10 10:00:00,92909.15,93254.0135,92134.95,92268.4035,0.023840835
2025-12-10 11:00:00,92237.29,92469.1825,91766.33,92134.205,0.005715327
2025-12-10 12:00:00,92132.0695,92247.71,91820.735,91982.275,0.057047454
2025-12-10 13:00:00,91992.53,92851.63760601,91943.91,92116.697,0.184507925
2025-12-10 14:00:00,92128.098,92145.085,91600.45,91832.13,0.034856447
2025-12-10 15:00:00,91843.845,92182.6,91572.9545,92076.078,1.865482131
2025-12-10 16:00:00,92104.12,92615.55,91897.125,92209.988,0.037341119
2025-12-10 17:00:00,92192.29,92539.806,92085.3075,92401.735,0.13915925
2025-12-10 18:00:00,92392.456,93061.992,91992.9345,92504.9045,0.359794276
2025-12-10 19:00:00,92518.8785,93253.842,91260.47276975,93006.6665,0.044750273
2025-12-10 20:00:00,92983.565,94524.78,91577.1927938395,92500.53,0.561656947
2025-12-10 21:00:00,92508.395,93105.444712609,91892.7345,92399.5615,0.005843703
2025-12-10 22:00:00,92398.5055,93105.444712609,91982.773,92519.4,1.685615608
2025-12-10 23:00:00,92520.673,92642.65,91949.1,92029.619,0.001396922
2025-12-11 00:00:00,92025.24,92130.9625,91058.38,91411.215,0.002963092
2025-12-11 01:00:00,91393.4595,91445.45,90666.835,90703.4,0.029083896
2025-12-11 02:00:00,90694.079,90708.8665,89883.935,90088.507,0.019742461
2025-12-11 03:00:00,90096.015,92099.9724938105,89431.388,89883.488,0.056578046
2025-12-11 04:00:00,89917.617,90522.865,89700.034,90408.455,0.023099462
2025-12-11 05:00:00,90450.29,90468.408,90082.5695,90339.8555,0.017771576
2025-12-11 06:00:00,90331.9,90484.5315,89970.615,90321.415,0.004888439
2025-12-11 07:00:00,90297.737,90384.0915,90094.3205,90280.845,0.0035
2025-12-11 08:00:00,90258.6735,90302.234,89976.1265,90248.6735,0.073226346
2025-12-11 09:00:00,90223.7325,90550.0545,90140.055,90240.514,0.00035279
2025-12-11 10:00:00,90274.1165,90407.065,90171.1295,90328.69,0.021993564
2025-12-11 11:00:00,90335.6115,90451.05,90207.8,90253.7645,0.002553826
2025-12-11 12:00:00,90257.692,90421.95,90005.8,90017.85,0.002904436
2025-12-11 13:00:00,90054.804,90188.055,89872.4885,90101.775,0.024214812
2025-12-11 14:00:00,90111.3,92099.9724938105,89262.146,89557.5365,0.029769311
2025-12-11 15:00:00,89568.9,90673.984,89408.9155,89911.32,0.034188028
2025-12-11 16:00:00,89874.925,92099.9724938105,89344.25,89746.2235,0.012981718
2025-12-11 17:00:00,89754.505,90293.19,89631.75,90009.6155,0.515033133
2025-12-11 18:00:00,89965.783,91222.1315,89894.609,90729.82,0.022163225
2025-12-11 19:00:00,90738.474,92099.9724938105,90603.184,90842.985,0.007258004
2025-12-11 20:00:00,90847.854,91881.095,90805.6525,91789.645,0.037037591
2025-12-11 21:00:00,91798.3555,93616.2325,91707.945,92909.3125,0.583123532
2025-12-11 22:00:00,92886.01,93227.59,92098.99,92369.8525,0.002283708
2025-12-11 23:00:00,92384.938,92844.6575,92355.6915,92550.4265,0.002504579
2025-12-12 00:00:00,92536.26,92708.0185,91469.0595,91581.652,0.008779459
2025-12-12 01:00:00,91618.9395,92370.45,91550.06,92185.165,0.018129603
2025-12-12 02:00:00,92184.475,92772.265,91946.79,92610.1175,0.003811672
2025-12-12 03:00:00,92648.4215,92789.045,92170.4,92298.7525,0.145756177
2025-12-12 04:00:00,92287.915,92504.7795,92118.6725,92402.814,0.00787448
2025-12-12 05:00:00,92403.55,92532.75,92077.8955,92461.356,0.558694723
2025-12-12 06:00:00,92453.357,92771.5095,92398.1,92484.451,0.623340178
2025-12-12 07:00:00,92513.757,92674.49,92270.6085,92445.865,0.05667404
2025-12-12 08:00:00,92427.25,92509.535,92120.2,92358.525,0.001504848
2025-12-12 09:00:00,92365.065,92594.845,92083.3565,92535.2275,0.499558757
2025-12-12 10:00:00,92548.56,92659.0465,92405.852,92524.5915,0.012820049
2025-12-12 11:00:00,92488.2,92508.3375,92294.17,92475.27,0.007333605
2025-12-12 12:00:00,92430.8595,92466.7505,92090.291,92427.131,0.009844692
2025-12-12 13:00:00,92436.54,92546.6825,92236.2385,92331.7575,0.012947189
2025-12-12 14:00:00,92291.02,93194.53890625,91900.5505,92465.822,0.072006259
2025-12-12 15:00:00,92464.6835,92475.04126,89779.4265,89936.761,0.020884344
2025-12-12 16:00:00,89930.2435,91592.3582806125,89486.915,90075.35,0.134149414
2025-12-12 17:00:00,90074.502,91458.8964532015,89838.43,90121.0405,0.002859692
2025-12-12 18:00:00,90127.55,90693.8765,89054.1514532015,90392.365,0.101380226
2025-12-12 19:00:00,90387.603,90432.4,90017.877,90199.7,0.011686158
2025-12-12 20:00:00,90222.145,90372.69,89897.66,90205.414,0.025316358
2025-12-12 21:00:00,90229.7045,90372.49,90113.01,90200.55,0.005664901
2025-12-12 22:00:00,90203.0385,90424.3325,90176.91,90364.15,0.031649354
2025-12-12 23:00:00,90377.21,90455.2,90232.477,90276.6635,0.01334073
2025-12-13 00:00:00,90255.53,90453.787,90196.796,90345.095,0.003610857
2025-12-13 01:00:00,90336.345,90411.4,90065.8,90232.5675,0.011686478
2025-12-13 02:00:00,90225.9105,90358.7,90186.01,90233.3765,0.003038739
2025-12-13 03:00:00,90236.8,90509.67,90201.495,90358.715,0.004826412
2025-12-13 04:00:00,90344.715,90483.158,90254.894,90373.06,0.006647848
2025-12-13 05:00:00,90374.535,90442.311,90266.2655,90348.625,0.011406825
2025-12-13 06:00:00,90345.1065,90437.3,90227.5,90348.4555,0.463089596
2025-12-13 07:00:00,90378.8095,90472.21,90290.385,90363.0075,0.012491492
2025-12-13 08:00:00,90381.3575,90596.49,90347.015,90467.188,0.003746571
2025-12-13 09:00:00,90470.465,90539.3365,90359.489,90434.1415,0.002108
2025-12-13 10:00:00,90431.515,90663.025,90427.6625,90619.065,0.009190705
2025-12-13 11:00:00,90629.827,90670.554,90295.49,90368.115,0.056317862
2025-12-13 12:00:00,90380.7825,90534.054,90285.949,90377.38,0.000959702
2025-12-13 13:00:00,90386.5945,90484.85,90212.25,90266.84,0.001423858
2025-12-13 14:00:00,90281.65,91458.8964532015,90264.9945,91458.8964532015,0.000158565
2025-12-13 15:00:00,90108.2605,91458.8964532015,90083.625,90102.8795,0.0
2025-12-13 16:00:00,90101.8555,90301.8,90018.1,90107.815,0.008748964
2025-12-13 17:00:00,90089.585,90152.3,90000.44,90063.865,0.101242329
2025-12-13 18:00:00,90073.875,90236.4,90053.77,90149.8515,0.108938472
2025-12-13 19:00:00,90138.8115,90297.387,90110.48,90229.6475,0.002010757
2025-12-13 20:00:00,90221.435,90259.3,90055.62,90112.8155,0.057748373
2025-12-13 21:00:00,90116.25,90242.36,89771.253,90187.609,0.001055996
2025-12-13 22:00:00,90187.5065,90264.5915,90017.5,90144.498,0.00016784
2025-12-13 23:00:00,90154.233,90319.9,90057.515,90278.9165,0.001067945
2025-12-14 00:00:00,90323.263,90505.2,90145.92,90353.7655,0.001414
2025-12-14 01:00:00,90366.08,90511.4,90210.9525,90335.625,0.00036785
2025-12-14 02:00:00,90299.7595,90437.4,90233.51,90318.7055,0.000451144
2025-12-14 03:00:00,90308.755,90372.7,90237.8,90266.85,0.011871732
2025-12-14 04:00:00,90293.435,90409.567,90132.8865,90192.6455,0.014918158
2025-12-14 05:00:00,90207.1065,90283.699,90051.096,90213.6385,0.0492995
2025-12-14 06:00:00,90218.4445,90270.782,90105.209,90182.542,0.000446612
2025-12-14 07:00:00,90163.66,90309.195,90082.545,90244.9895,0.018849524
2025-12-14 08:00:00,90269.63,90311.51,90113.85,90114.184,0.032419728
2025-12-14 09:00:00,90127.85,90202.4,90015.1395,90046.37,0.005715625
2025-12-14 10:00:00,90039.294,90145.85,89789.482,89858.889,0.039805327
2025-12-14 11:00:00,89857.34,90535.8714532015,88769.2864532015,89396.63,0.113000608
2025-12-14 12:00:00,89362.36,89691.2395,89092.335,89452.666,0.063092068
2025-12-14 13:00:00,89437.5785,89533.02,89100.1625,89498.6,0.001291947
2025-12-14 14:00:00,89510.651,89612.5,88922.9553633004,89125.65,0.003054575
2025-12-14 15:00:00,89103.83,89197.295,88928.3053633004,89049.9105,0.008623878
2025-12-14 16:00:00,89062.985,89418.5695,88583.114285714,88848.66,0.237779648
2025-12-14 17:00:00,88853.653,89078.27,88628.761,88818.637,0.018144546
2025-12-14 18:00:00,88817.824,89094.665,88728.76,88999.415,0.088527017
2025-12-14 19:00:00,89004.705,89025.95,88495.97,88661.34,0.026537699
2025-12-14 20:00:00,88657.718,90240.3049507385,88334.6,88572.6425,0.033225999
2025-12-14 21:00:00,88572.1,88746.1675,88359.795,88456.7,0.002678201
2025-12-14 22:00:00,88463.4695,88633.9,88018.423,88417.0725,0.038336071
2025-12-14 23:00:00,88446.41,90018.6300738915,87631.6642237864,88171.12,0.008647199
2025-12-15 00:00:00,88158.28,89966.5532237864,88068.3865,88467.65,0.005657439
2025-12-15 01:00:00,88487.067,89368.1405,88431.5205,89273.8845,0.003956855
2025-12-15 02:00:00,89264.945,90056.583,89239.153,89361.749,0.057493064
2025-12-15 03:00:00,89331.95,89600.3,89196.64,89320.03,0.023638595
2025-12-15 04:00:00,89312.82,89773.09,89272.226,89665.195,0.019505019
2025-12-15 05:00:00,89698.355,89774.9,89487.141,89616.1695,0.143064665
2025-12-15 06:00:00,89633.334,89932.6245,89417.947,89748.06,0.037134903
2025-12-15 07:00:00,89734.81,89837.6795,89535.0,89754.785,0.005541084
2025-12-15 08:00:00,89761.75,89948.131,89643.6275,89790.5745,0.001182276
2025-12-15 09:00:00,89786.98,89998.005,89741.148,89870.11,0.008489823
2025-12-15 10:00:00,89883.222,90004.5,89722.0095,89858.8205,0.13750868
2025-12-15 11:00:00,89875.55,89930.75,89581.2355,89641.805,0.006415063
2025-12-15 12:00:00,89653.865,89800.516,89420.559,89716.85,0.056616042
2025-12-15 13:00:00,89712.8385,89751.054,89274.25,89447.65,0.006971573
2025-12-15 14:00:00,89416.112,90171.3394334975,87838.77,88037.76,0.082746471
2025-12-15 15:00:00,88013.4115,89966.5532237864,86606.0645,87011.1925,0.345207201
2025-12-15 16:00:00,87033.81,87252.2,86057.285,86359.528,0.358510529
2025-12-15 17:00:00,86378.259,86486.915,85576.12,85739.7605,0.204494337
2025-12-15 18:00:00,85732.56,86267.95,85165.65,86166.882,0.120390468
2025-12-15 19:00:00,86183.4775,86548.33,85851.335,86140.124,0.03916295
2025-12-15 20:00:00,86136.57,88651.635,85587.875,85769.998,0.172292783
2025-12-15 21:00:00,85766.654,86292.71,85512.06,86205.165,0.414809689
2025-12-15 22:00:00,86229.7675,86282.158,85798.226,86238.19,0.641560291
2025-12-15 23:00:00,86222.857,88651.635,86096.0,86391.0875,0.049555704
2025-12-16 00:00:00,86407.93,86528.3825,85822.318,85836.46,0.035682342
2025-12-16 01:00:00,85848.2,86161.697,85660.7875,85884.803,0.00680416
2025-12-16 02:00:00,85884.634,86242.48,85781.99,85916.351,0.024248098
2025-12-16 03:00:00,85934.353,85995.96,85358.58,85855.01,0.008190901
2025-12-16 04:00:00,85857.6,85905.716,85251.14,85826.88,0.135453486
2025-12-16 05:00:00,85796.975,86215.02,85776.0025,86021.79,0.083282552
2025-12-16 06:00:00,86007.5125,86618.8,86007.5125,86467.7615,0.035999221
2025-12-16 07:00:00,86503.205,86599.5,85871.039756,85998.05,0.152629766
2025-12-16 08:00:00,86013.572,86371.9445,85914.6905,86261.074,0.012153168
2025-12-16 09:00:00,86253.001,86422.771,86169.31,86349.098,0.206091967
2025-12-16 10:00:00,86330.605,87325.7355,86245.841,86950.15,0.034814351
2025-12-16 11:00:00,86963.3,87350.3,86791.09,87249.155,0.062363252
2025-12-16 12:00:00,87219.6385,87482.625,87059.548,87197.23,0.103833017
2025-12-16 13:00:00,87203.15,87763.5565,85960.591133004,86424.8125,0.022658095
2025-12-16 14:00:00,86427.4505,87736.2525,86101.959,87279.885,0.298518403
2025-12-16 15:00:00,87280.702,88155.32,86810.68,87956.96,0.044494254
2025-12-16 16:00:00,87936.49,88081.2,87365.2,87587.59,0.029953591
2025-12-16 17:00:00,87574.625,87847.5615,87065.95,87118.0705,0.006921013
2025-12-16 18:00:00,87104.164,88006.2295,87044.948,87791.9375,0.121335685
2025-12-16 19:00:00,87796.8075,87796.8075,87267.772,87547.22,0.155998205
2025-12-16 20:00:00,87539.902,87839.7315,87327.506,87559.438,0.036789732
2025-12-16 21:00:00,87559.694,87917.183,87465.756,87735.9765,0.000623031
2025-12-16 22:00:00,87762.943,87924.3735,87626.491,87801.704,0.028904199
2025-12-16 23:00:00,87802.356,87881.1,87571.5605,87857.25,0.001912283
2025-12-17 00:00:00,87898.9,87898.9,87387.455,87517.883,0.050495618
2025-12-17 01:00:00,87528.545,87933.355,87463.5525,87523.675,0.01850142
2025-12-17 02:00:00,87574.75,87581.815,87152.046,87468.25,0.008331913
2025-12-17 03:00:00,87474.4525,87634.47,87130.635,87182.26,0.026892245
2025-12-17 04:00:00,87202.6315,87385.505,86697.36,86743.085,0.06054429
2025-12-17 05:00:00,86747.42,86747.42,86174.805,86608.73,0.024504946
2025-12-17 06:00:00,86582.16,86984.7725,86551.866,86732.18,0.004007871
2025-12-17 07:00:00,86748.9,87092.0,86558.502,87007.76,0.021452906
2025-12-17 08:00:00,87019.7705,87030.99,86275.1,86373.0,0.010937941
2025-12-17 09:00:00,86384.515,86575.974,86180.804,86389.0475,0.017751609
2025-12-17 10:00:00,86370.165,86844.2,86193.5655,86596.2345,0.017474741
2025-12-17 11:00:00,86588.33,87119.5025,86484.003,86952.695,0.042390722
2025-12-17 12:00:00,86989.367,87206.963,86797.075,87010.925,0.002016945
2025-12-17 13:00:00,87008.1,87822.85,86786.975,87606.07,0.064679092
2025-12-17 14:00:00,87606.703,89677.3915,87134.810416502,89644.4025,0.265157104
2025-12-17 15:00:00,89644.088,90332.8,87106.6,87219.27,0.246807837
2025-12-17 16:00:00,87196.98,87741.37,86121.045,86965.47,0.026472995
2025-12-17 17:00:00,86937.405,87082.68,86225.4,86378.395,0.085310488
2025-12-17 18:00:00,86376.465,87219.945566502,85606.1725,85792.915,0.187193438
2025-12-17 19:00:00,85768.57,86149.13,85267.6724384235,85978.4185,0.180230158
2025-12-17 20:00:00,85996.4375,86240.25,85602.355,85863.055,0.167843265
2025-12-17 21:00:00,85852.34,86049.41,85664.155,85937.808,0.128670275
2025-12-17 22:00:00,85937.575,86404.6695,85855.32,86305.555,0.004033531
2025-12-17 23:00:00,86308.782,86308.782,85904.205,86192.7275,0.001442303
2025-12-18 00:00:00,86205.0905,86313.31,86004.3,86182.05,0.00893872
2025-12-18 01:00:00,86193.7195,86850.4874384235,85820.41,86077.236,0.001895407
2025-12-18 02:00:00,86092.587,86842.736,85959.1,86658.08,0.003294637
2025-12-18 03:00:00,86658.6105,86669.55,86220.5,86568.424,0.011840497
2025-12-18 04:00:00,86568.775,86883.064,86545.454,86719.1925,0.007346376
2025-12-18 05:00:00,86705.7885,86769.86,86340.1525,86396.7055,0.102755989
2025-12-18 06:00:00,86401.9515,86636.3225,86360.35,86625.0585,0.001592606
2025-12-18 07:00:00,86630.59,86870.575,86556.27,86796.624,0.127863964
2025-12-18 08:00:00,86789.325,87136.901,86659.579,86937.929,0.123127769
2025-12-18 09:00:00,86953.58,87364.72,86759.153,87220.27,0.009983672
2025-12-18 10:00:00,87241.4945,87425.845,87154.13,87291.665,0.029734
2025-12-18 11:00:00,87339.15,87339.7,87017.6,87220.3905,0.014357463
2025-12-18 12:00:00,87263.8335,87396.09,87061.7,87231.494,0.019197532
2025-12-18 13:00:00,87239.77,89385.734805,86854.73,88790.425,1.233766449
2025-12-18 14:00:00,88826.7965,89421.936,87697.1135,88300.84,0.802224814
2025-12-18 15:00:00,88300.34,89317.675,87918.2495,88456.563,0.083235767
2025-12-18 16:00:00,88452.2,89210.543019619,87803.4485,87966.9165,0.231450033
2025-12-18 17:00:00,87959.805,88006.66,85403.4,86441.515,0.036808077
2025-12-18 18:00:00,86443.44,87788.5024130425,85668.7085,85918.335,0.285413822
2025-12-18 19:00:00,85931.9095,87788.5024130425,84428.0755,84437.1335,0.149602722
2025-12-18 20:00:00,84433.785,87433.051265477,84402.748,84580.635,0.070457234
2025-12-18 21:00:00,84556.7885,87433.051265477,84536.887790858,85595.69,0.050015184
2025-12-18 22:00:00,85596.94,87433.051265477,85232.3235,85536.9635,0.007157546
2025-12-18 23:00:00,85532.661,85580.5,85271.744,85457.75,0.007293019
2025-12-19 00:00:00,85486.9875,85581.5,85231.0385,85567.5245,0.01279526
2025-12-19 01:00:00,85541.75,85556.17,85061.155,85264.107,0.085961557
2025-12-19 02:00:00,85285.925,87296.3841864415,85074.73,85602.95,0.010367363
2025-12-19 03:00:00,85603.4,87516.415,85555.8315,86823.65,0.011201549
2025-12-19 04:00:00,86841.159,87322.439,85841.4642118225,87038.35,0.016004101
2025-12-19 05:00:00,87053.635,87187.41,86604.55,87087.0,0.016852007
2025-12-19 06:00:00,87088.2865,87416.744,86834.598,87415.4375,0.110197767
2025-12-19 07:00:00,87418.969,88342.8085,87401.5945,87898.1,0.009564044
2025-12-19 08:00:00,87898.767,88203.887,87657.3,88047.31,0.027226545
2025-12-19 09:00:00,88030.01,88131.725,87825.45,88046.883,0.004036
2025-12-19 10:00:00,88039.305,88276.5355,87867.6125,88237.1375,0.021601008
2025-12-19 11:00:00,88234.85,88334.997,88075.882,88129.12,0.008911421
2025-12-19 12:00:00,88148.55,88241.427,87784.8,87784.8,0.006551996
2025-12-19 13:00:00,87820.415,88164.274,87769.5,87949.58,0.003991718
2025-12-19 14:00:00,87949.438,88470.265,87455.9905,88112.6855,0.018377136
2025-12-19 15:00:00,88111.02,89348.5375,87650.5615,87907.5265,0.045518479
2025-12-19 16:00:00,87887.13,88849.58,87804.976,87907.35,0.015318841
2025-12-19 17:00:00,87923.63,88302.98,86810.8235,86890.333,0.034305502
2025-12-19 18:00:00,86881.7,87425.325,86789.6055,87094.427,0.03766719
2025-12-19 19:00:00,87095.094,88078.029,87066.6075,87803.2,0.013128464
2025-12-19 20:00:00,87808.5565,88357.19,87533.875,88003.0,0.038637919
2025-12-19 21:00:00,88012.0375,88049.327,87737.394,87788.777,0.001145
2025-12-19 22:00:00,87780.3,88378.485,87780.3,88316.7435,0.001465274
2025-12-19 23:00:00,88282.925,88332.35,88077.9995,88083.95,0.004933677
2025-12-20 00:00:00,88144.7,88153.0065,87910.6315,87966.7045,0.007072787
2025-12-20 01:00:00,87967.7165,88129.85,87952.795,88035.6615,0.00256925
2025-12-20 02:00:00,88030.3695,88334.98,87956.01268,88166.6,0.002507008
2025-12-20 03:00:00,88186.0,88328.179,88126.7885,88167.035,0.000673
2025-12-20 04:00:00,88169.45,89153.637135,88072.164,88248.0465,0.029874552
2025-12-20 05:00:00,88259.3025,88533.155,88223.445,88266.905,0.003248387
2025-12-20 06:00:00,88266.25,88455.616,88231.25,88271.7485,0.003236
2025-12-20 07:00:00,88276.64,88297.15,88134.7,88229.36,0.172674335
2025-12-20 08:00:00,88238.8875,88436.77,88200.9,88200.9,0.017054537
2025-12-20 09:00:00,88195.2,88319.843,88159.045,88196.109,0.007307558
2025-12-20 10:00:00,88174.556,88262.442,88067.056,88123.0,0.003354193
2025-12-20 11:00:00,88115.935,88288.93,88036.375,88248.74,0.145414176
2025-12-20 12:00:00,88236.5,88326.08,88107.01,88199.2,0.005823982
2025-12-20 13:00:00,88195.03,88330.86,87780.57,88214.879,0.0656059
2025-12-20 14:00:00,88213.7835,88249.145,87960.63,88210.75,0.064119184
2025-12-20 15:00:00,88201.269,88230.972,87967.705,88145.397,0.023608598
2025-12-20 16:00:00,88138.6805,88231.97,88078.25,88110.202,0.008597413
2025-12-20 17:00:00,88121.67,88248.6,88063.51,88150.77,0.004943594
2025-12-20 18:00:00,88151.62,88375.87,88062.096,88276.222,0.05841591
2025-12-20 19:00:00,88292.993,88340.8,88122.7,88206.5445,0.01296996
2025-12-20 20:00:00,88211.6045,88285.5,88142.0,88250.9295,0.01938344
2025-12-20 21:00:00,88248.8215,88425.21,88167.7281,88189.3386,0.000254
2025-12-20 22:00:00,88195.3281,88317.6,88099.679,88245.783,0.004218176
2025-12-20 23:00:00,88253.2055,88400.3,88205.0485,88323.1825,0.001828565
2025-12-21 00:00:00,88390.16,88404.03,88263.455,88356.6785,0.001580945
2025-12-21 01:00:00,88354.0845,88356.5185,87969.875,88005.0655,0.007862993
2025-12-21 02:00:00,87988.198,88124.822,87834.5045,87934.1,0.011952258
2025-12-21 03:00:00,87936.745,88139.7655,87869.32,88065.9375,0.003617438
2025-12-21 04:00:00,88043.2965,88133.455,88001.6,88054.825,0.00143679
2025-12-21 05:00:00,88028.0,88152.63,88027.54,88092.4665,0.0015485
2025-12-21 06:00:00,88108.32,88197.4695,88044.395,88054.896,0.000305588
2025-12-21 07:00:00,88074.96,88156.462,88035.442,88143.712,0.000297
2025-12-21 08:00:00,88142.85,88712.75,88111.65,88502.335,0.020078319
2025-12-21 09:00:00,88523.65,89052.255,88451.15,88882.607,0.023570743
2025-12-21 10:00:00,88864.133,88958.54,88527.278,88629.7195,0.018033806
2025-12-21 11:00:00,88638.305,88720.1795,88543.65,88577.79,0.006263177
2025-12-21 12:00:00,88580.6945,88909.5,88429.855,88621.15,0.003476967
2025-12-21 13:00:00,88613.1,88670.65,87565.8135,87654.32,0.035927158
2025-12-21 14:00:00,87646.502,88112.75,87589.039,88031.809,0.006437666
2025-12-21 15:00:00,88047.285,88234.95,87771.295,88031.2085,0.004935
2025-12-21 16:00:00,88036.05,88343.915,87949.412,88310.035,0.004550696
2025-12-21 17:00:00,88348.9,88484.695,88242.425,88304.8785,0.001950428
2025-12-21 18:00:00,88274.455,88438.072,87909.75,88405.6,0.021052688
2025-12-21 19:00:00,88424.955,89255.083275862,88177.6885,88470.7955,0.041921281
2025-12-21 20:00:00,88445.6645,88492.805,88171.374,88216.478,0.236459618
2025-12-21 21:00:00,88219.965,88377.7,88058.561,88142.5625,0.008414
2025-12-21 22:00:00,88143.265,88483.5135,88097.2855,88471.7705,0.002353536
2025-12-21 23:00:00,88450.045,88799.625,88333.8235,88651.7895,0.014404802
2025-12-22 00:00:00,88687.526,89609.9695,88591.0695,88613.721,0.028199253
2025-12-22 01:00:00,88609.5065,89268.4775,88480.1015,88617.452,0.007801681
2025-12-22 02:00:00,88587.715,89255.083275862,87885.483,88438.305,0.006462036
2025-12-22 03:00:00,88447.1255,88845.4915,88253.132,88756.555,0.006696372
2025-12-22 04:00:00,88739.3,89019.1,88666.248,88870.4365,0.077441338
2025-12-22 05:00:00,88871.6985,88981.341,88720.575,88810.73,0.107560346
2025-12-22 06:00:00,88800.555,88985.905,88677.244,88872.0895,0.000541032
2025-12-22 07:00:00,88879.855,89183.235,88853.25,89108.93,0.040614282
2025-12-22 08:00:00,89123.785,89894.95,89052.7155,89307.8385,0.021919025
2025-12-22 09:00:00,89306.37,89808.675,89248.5775,89783.982,0.015603905
2025-12-22 10:00:00,89803.6075,89839.425,89550.573,89762.4065,0.006875363
2025-12-22 11:00:00,89741.9025,90067.2985,89600.925,89906.645,0.054650632
2025-12-22 12:00:00,89923.034,90547.1415,89816.91,90191.195,0.012954233
2025-12-22 13:00:00,90167.5,90305.985,89696.065,89881.7815,0.051597755
2025-12-22 14:00:00,89895.02,90486.610369458,89394.2235,90113.626,0.057000141
2025-12-22 15:00:00,90093.285,90396.1865,89146.6685,89704.717,0.045864018
2025-12-22 16:00:00,89706.2405,90486.610369458,89476.9215,89508.515,0.142224075
2025-12-22 17:00:00,89517.9915,89583.393,89038.8115,89267.2555,0.022314868
2025-12-22 18:00:00,89269.8265,90486.610369458,89081.71,89113.47,0.007767767
2025-12-22 19:00:00,89113.0675,89113.0675,87921.83,88016.535,0.030075973
2025-12-22 20:00:00,88018.493,88441.8,87855.06,88296.935,0.208231222
2025-12-22 21:00:00,88303.575,88590.449,88182.06,88214.235,0.472351703
2025-12-22 22:00:00,88230.795,88774.385,88103.09,88621.385,0.004192977
2025-12-22 23:00:00,88614.3,88659.381,88348.095,88574.855,0.009840466
2025-12-23 00:00:00,88548.5,88899.77,88406.64,88719.728,0.052199386
2025-12-23 01:00:00,88713.416,88863.8,88359.682,88462.355,0.011840672
2025-12-23 02:00:00,88459.7125,88714.849,88050.729,88149.65,0.00501343
2025-12-23 03:00:00,88165.303,88312.784,87740.879,88141.989267,0.034297636
2025-12-23 04:00:00,88123.681267,88326.865,87865.895,87867.146,0.003486513
2025-12-23 05:00:00,87826.288,89501.388694581,87546.22,87691.681,0.048392811
2025-12-23 06:00:00,87692.8,89501.388694581,86996.224,87329.297,0.119360346
2025-12-23 07:00:00,87333.295,87657.995,87302.6795,87497.99,0.029475709
2025-12-23 08:00:00,87518.8645,87641.87,87365.765,87426.835,0.195696562
2025-12-23 09:00:00,87415.65,87602.281,87237.555,87470.9495,0.016396128
2025-12-23 10:00:00,87487.0665,87615.0,87418.9,87546.2,0.00938571
2025-12-23 11:00:00,87531.06,87851.12,87471.9,87816.8,0.012601702
2025-12-23 12:00:00,87800.825,87903.421,87540.05,87739.556,0.004802428
2025-12-23 13:00:00,87725.455,89501.388694581,87378.965,87577.36,0.003318263
2025-12-23 14:00:00,87572.96,89501.388694581,86545.001,86819.541,0.075273384
2025-12-23 15:00:00,86807.52,87541.89,86637.8225,87396.5245,0.050420051
2025-12-23 16:00:00,87387.5,89255.083275862,87268.6145,87952.305,0.039739615
2025-12-23 17:00:00,87945.6795,88248.058,87114.597,87134.03,0.037398763
2025-12-23 18:00:00,87137.6615,88134.2,87111.815,87929.325,0.082179026
2025-12-23 19:00:00,87903.919,87998.21,87568.9215,87713.2,0.084334314
2025-12-23 20:00:00,87701.69,89499.4182512315,87469.3635,87614.3755,0.056523498
2025-12-23 21:00:00,87629.045,87802.128,87461.195,87672.2035,0.22754028
2025-12-23 22:00:00,87662.717,87705.0145,87201.295,87356.8,0.59302592
2025-12-23 23:00:00,87359.2545,87497.29,87133.765,87416.55,0.010058867
2025-12-24 00:00:00,87405.131,87619.71,87194.5,87606.2055,0.003972775
2025-12-24 01:00:00,87608.7855,87783.5,87436.65,87563.059,0.001117
2025-12-24 02:00:00,87554.855,87611.66,86871.075,87074.7,0.007812917
2025-12-24 03:00:00,87072.092,87341.1905,86800.535,87283.4285,0.002574415
2025-12-24 04:00:00,87295.9105,87409.865,87028.92,87079.2,0.003111762
2025-12-24 05:00:00,87080.435,87208.4,86727.49,86883.94,0.010667773
2025-12-24 06:00:00,86891.4765,87031.37,86732.5182512315,86959.8035,0.071703388
2025-12-24 07:00:00,86977.715,87133.104905,86833.105,86842.74,0.00314052
2025-12-24 08:00:00,86846.1645,87056.88,86713.6832512315,86737.5407512315,0.17510531
2025-12-24 09:00:00,86742.9882512315,86841.1285,86651.537,86727.4,0.026009739
2025-12-24 10:00:00,86739.191,87142.275,86729.4,87030.635,0.00930275
2025-12-24 11:00:00,87007.9685,87310.5395,87007.9685,87145.582,0.036343164
2025-12-24 12:00:00,87165.7765,87438.139045,87077.155,87375.65,0.030084485
2025-12-24 13:00:00,87384.25,87392.8085,86954.9,87232.7575,0.001830124
2025-12-24 14:00:00,87233.6515,87399.71,86356.4915,86936.9175,1.006644973
2025-12-24 15:00:00,86932.4305,87168.8,86522.42,86992.7415,0.074739617
2025-12-24 16:00:00,86967.705,89255.083275862,86833.417320862,87202.4925,1.88824398
2025-12-24 17:00:00,87219.195,87524.1405,87173.455,87265.6135,0.142221328
2025-12-24 18:00:00,87242.745,87451.2235,87162.1985,87410.565,0.00160949
2025-12-24 19:00:00,87407.8655,87568.7,87283.7755,87504.345,0.002540649
2025-12-24 20:00:00,87501.15,87632.219,87464.8725,87487.705,0.000335593
2025-12-24 21:00:00,87499.21,87768.48,87486.65,87616.305,0.001081229
2025-12-24 22:00:00,87640.945,87998.96,87639.881,87945.9,0.076937147
2025-12-24 23:00:00,87939.7,87999.1,87519.315,87623.52,2.487554998
2025-12-25 00:00:00,87618.505,87725.2,87452.43,87502.11,0.000570666
2025-12-25 01:00:00,87503.03,87710.19,87498.125,87645.775,0.001635381
2025-12-25 02:00:00,87644.295,87917.895,87500.676,87816.6395,0.001533138
2025-12-25 03:00:00,87840.568,87872.5965,87693.73,87790.605,0.003083393
2025-12-25 04:00:00,87806.2235,87806.2235,87657.851,87730.365,0.000335273
2025-12-25 05:00:00,87705.9745,87784.424,87591.787,87692.03,0.002092684
2025-12-25 06:00:00,87708.847,87829.24,87623.481,87776.108,1.094914697
2025-12-25 07:00:00,87781.294,87823.7505,87644.2,87798.378,0.000913958
2025-12-25 08:00:00,87805.502,87853.86,87274.861,87522.52,0.001490316
2025-12-25 09:00:00,87529.74,87576.27,87400.0,87454.395,0.004521534
2025-12-25 10:00:00,87466.952,87483.728,87191.15,87346.3365,0.016244547
2025-12-25 11:00:00,87359.399,87545.9165,87328.495,87478.857,0.00725374
2025-12-25 12:00:00,87452.0655,87543.35,87373.557,87519.606,0.011562947
2025-12-25 13:00:00,87497.858,87670.35,87335.81,87572.8,0.026913088
2025-12-25 14:00:00,87577.9895,87732.3435,87488.31,87664.906,0.049930825
2025-12-25 15:00:00,87664.5675,88537.1,87658.7395,88303.7815,0.011903423
2025-12-25 16:00:00,88313.6065,88432.134,87838.873850837,88024.23,0.04467379
2025-12-25 17:00:00,88019.3,88161.25,87926.128,88097.6985,0.034214102
2025-12-25 18:00:00,88076.358,88278.555,88074.61,88177.358,0.030148642
2025-12-25 19:00:00,88177.72,88197.275,87997.37,88099.012,0.00544327
2025-12-25 20:00:00,88130.0,88130.0,87567.507,87849.1545,0.012962208
2025-12-25 21:00:00,87836.0,87944.734,87751.1645,87841.735,0.024831452
2025-12-25 22:00:00,87888.8,87888.8,87260.01,87592.2175,0.001720055
2025-12-25 23:00:00,87604.8695,87838.873850837,86871.48,87170.4,0.058489383
2025-12-26 00:00:00,87184.57,87446.755624236,86835.166,87072.5745,0.10395
2025-12-26 01:00:00,87064.797,87433.215,87064.155,87388.5585,0.076670059
2025-12-26 02:00:00,87368.162,89356.935,87349.85,89103.81,0.026877307
2025-12-26 03:00:00,89102.35,89238.464,88612.535,88766.029,0.125255287
2025-12-26 04:00:00,88763.35,89067.75,88440.02,88900.3695,0.01572191
2025-12-26 05:00:00,88904.7,89013.229,88703.95,88933.385,0.00395312
2025-12-26 06:00:00,88918.464,89196.6,88912.572,89036.8365,0.074878434
2025-12-26 07:00:00,89070.25,89506.316,88273.8195,88382.331,0.057804181
2025-12-26 08:00:00,88381.109,88827.7,88324.55,88679.8515,0.004963012
2025-12-26 09:00:00,88673.33,88855.835,88577.951,88749.3505,0.035744195
2025-12-26 10:00:00,88776.865,88848.29,88581.56,88690.409,0.002179292
2025-12-26 11:00:00,88691.8015,88712.82,88433.08,88470.15,0.040672276
2025-12-26 12:00:00,88489.192,88743.97,88476.485,88621.064,0.034152799
2025-12-26 13:00:00,88635.656,89006.99,88547.986,88937.947,0.00468384
2025-12-26 14:00:00,88948.0825,89260.009384236,87276.776,87318.195,0.043173547
2025-12-26 15:00:00,87325.81,87325.81,86580.775,87073.702,0.256227518
2025-12-26 16:00:00,87073.135,87319.9105,86757.749,86757.8365,0.158700652
2025-12-26 17:00:00,86777.185,87386.6,86719.2555,87246.0,0.086414673
2025-12-26 18:00:00,87273.166,87309.98,87029.44,87213.665,0.210639075
2025-12-26 19:00:00,87186.6945,87504.2975,87152.396,87424.48,0.006467009
2025-12-26 20:00:00,87404.033,87770.495,87316.5,87517.045,0.287752547
2025-12-26 21:00:00,87509.32,87639.1925,87371.1015,87395.44,0.014599731
2025-12-26 22:00:00,87395.23,87568.19,87242.4755,87472.83,0.006660765
2025-12-26 23:00:00,87462.999,87502.7,87234.8,87287.8,0.00519921
2025-12-27 00:00:00,87320.052,87364.3,87151.9,87344.55,0.034047871
2025-12-27 01:00:00,87381.7,87455.0,87265.7595,87411.7,0.14697977
2025-12-27 02:00:00,87349.5,87449.948,87329.2415,87392.74,0.019169911
2025-12-27 03:00:00,87394.8,87491.9,87310.1245,87437.345,0.002108543
2025-12-27 04:00:00,87446.71,87495.878,87341.56,87403.5865,0.00391287
2025-12-27 05:00:00,87443.135,87477.872,87366.406,87453.99,0.064926487
2025-12-27 06:00:00,87437.07,87549.591,87329.4,87415.66,0.035728542
2025-12-27 07:00:00,87408.598,87657.4355,87408.598,87475.4,0.058097468
2025-12-27 08:00:00,87493.4315,87641.23,87471.82,87540.6515,0.012158811
2025-12-27 09:00:00,87539.4765,87639.6,87494.3,87593.712,0.00488325
2025-12-27 10:00:00,87576.884,87591.085,87310.5175,87458.46,0.154879264
2025-12-27 11:00:00,87468.3,87531.08,87379.9,87443.055,0.004796268
2025-12-27 12:00:00,87438.066,87497.608,87367.725,87440.6515,0.001749917
2025-12-27 13:00:00,87437.1,87489.091,87269.7385,87411.939,0.011933528
2025-12-27 14:00:00,87455.378,87524.784,87327.99,87490.265,0.114010702
2025-12-27 15:00:00,87487.9,87581.04,87399.672,87499.9,0.010916786
2025-12-27 16:00:00,87501.685,88788.727463679,87386.7415,87428.064,0.007085404
2025-12-27 17:00:00,87455.35,87545.3,87406.12,87493.9195,0.025616568
2025-12-27 18:00:00,87507.667,87565.41,87392.596,87433.95,0.015470987
2025-12-27 19:00:00,87434.85,87566.2,87395.97,87505.7835,0.012348826
2025-12-27 20:00:00,87504.7265,87586.7825,87430.87,87516.165,0.02797498
2025-12-27 21:00:00,87517.535,87655.39,87489.25,87613.646,0.004576998
2025-12-27 22:00:00,87642.185,87899.49,87422.82,87504.0025,0.006129455
2025-12-27 23:00:00,87519.233,88926.6584981615,87486.701,87812.9,0.001746162
2025-12-28 00:00:00,87842.5,87902.2,87638.2,87773.9435,0.012897803
2025-12-28 01:00:00,87809.28,87901.62,87655.7365,87734.105,0.00333548
2025-12-28 02:00:00,87727.475,87870.7,87677.65,87740.772,0.000972358
2025-12-28 03:00:00,87696.976,87820.23,87642.2,87671.556,0.000987341
2025-12-28 04:00:00,87681.0535,87793.917,87612.085,87655.1585,0.000888836
2025-12-28 05:00:00,87613.14,87682.247,87536.9115,87606.299,0.006151283
2025-12-28 06:00:00,87586.321,87780.483,87570.6,87652.3135,0.00392017
2025-12-28 07:00:00,87659.0045,87701.7,87588.041,87674.484,0.002543
2025-12-28 08:00:00,87679.87,87918.953,87661.2,87754.05,0.004406182
2025-12-28 09:00:00,87737.5825,87877.1,87653.873,87725.3,0.021220734
2025-12-28 10:00:00,87736.492,87952.91,87728.013,87795.7,0.018728373
2025-12-28 11:00:00,87803.305,87898.25,87743.835,87831.05,0.003408684
2025-12-28 12:00:00,87810.3235,87843.97,87709.878,87774.24,0.004444136
2025-12-28 13:00:00,87711.4,87907.86,87711.4,87817.635,0.000364628
2025-12-28 14:00:00,87824.25,88013.5,87811.11,87849.8625,0.007867038
2025-12-28 15:00:00,87834.244,87985.821,87748.9,87768.584,0.000504173
2025-12-28 16:00:00,87771.57,87838.7555,87667.565,87762.14,0.008269464
2025-12-28 17:00:00,87760.5525,87873.8525,87686.736,87687.3875,0.000418666
2025-12-28 18:00:00,87699.185,89393.0143103445,87422.7945,87540.8285,0.168482344
2025-12-28 19:00:00,87541.08,87644.5,87431.306,87460.4215,0.00329977
2025-12-28 20:00:00,87435.9145,87650.11,87369.38,87432.32,0.082259215
2025-12-28 21:00:00,87447.5895,87557.724,87366.219,87515.08,0.01636357
2025-12-28 22:00:00,87520.578,87929.805,87404.8,87839.85,0.0028172
2025-12-28 23:00:00,87826.5435,87977.148,87538.52,87888.52,0.015042046
2025-12-29 00:00:00,87898.1,88364.215,87728.817,88215.3,0.018806802
2025-12-29 01:00:00,88204.85,88402.55,87790.62,88348.795,0.11740557
2025-12-29 02:00:00,88360.5,89298.185,88360.5,89062.59,0.00743308
2025-12-29 03:00:00,89081.4535,90085.551,88165.2371783645,90028.69,0.033202792
2025-12-29 04:00:00,90016.739,90315.655,89830.1,90036.9535,0.014695428
2025-12-29 05:00:00,90075.5895,90228.3175,89839.145,89925.9683333333,0.16434964
2025-12-29 06:00:00,89917.6268333333,90079.22,89642.23,89714.0491666667,0.011998253
2025-12-29 07:00:00,89704.6091666667,89757.9925,88926.6584981615,89511.936,0.031989234
2025-12-29 08:00:00,89509.846,89758.87,89345.3345,89442.473,0.003025399
2025-12-29 09:00:00,89453.976,89494.8415,87663.352,87985.5865,0.125351896
2025-12-29 10:00:00,88001.01,88160.44,87533.94,87647.905,0.01893338
2025-12-29 11:00:00,87650.7125,87698.3,87434.898,87434.898,0.17670779
2025-12-29 12:00:00,87461.603,88019.804456002,86699.507389162,87260.76,0.033640056
2025-12-29 13:00:00,87247.925,87445.4,87043.797,87265.405,0.021777044
2025-12-29 14:00:00,87286.312,88135.25,87147.635,87323.792,0.200502869
2025-12-29 15:00:00,87321.5935,87827.8275,87091.6825,87592.525,0.017118901
2025-12-29 16:00:00,87573.3635,88019.804456002,86699.507389162,87520.15,0.028891839
2025-12-29 17:00:00,87540.36,87760.3,87236.185,87740.7775,0.036501099
2025-12-29 18:00:00,87764.263,87900.7575,87249.92,87352.3225,0.072056008
2025-12-29 19:00:00,87351.3295,87570.28,87203.3285,87259.2475,0.014829725
2025-12-29 20:00:00,87249.4365,87493.705,86905.116,87096.63,0.072999019
2025-12-29 21:00:00,87082.241,87297.49,87056.75,87216.2745,0.014608156
2025-12-29 22:00:00,87207.1,87328.519,86954.947,87240.185,0.004480742
2025-12-29 23:00:00,87230.132,87332.7,87066.2,87122.985,0.000655968
2025-12-30 00:00:00,87116.337,87270.1,86980.896,87140.485,0.002691221
2025-12-30 01:00:00,87140.662,87254.7,86988.77,87193.2285,0.004792723
2025-12-30 02:00:00,87200.15,87245.3,86841.879,86987.667,0.112463169
2025-12-30 03:00:00,86980.3,87311.421,86699.507389162,87251.9255,0.034608519
2025-12-30 04:00:00,87262.249,87383.964,87175.9935,87175.9935,0.036473201
2025-12-30 05:00:00,87189.91,87274.722,87018.1,87137.05,0.010418024
2025-12-30 06:00:00,87127.8135,87442.33,87107.35,87342.5,0.000936143
2025-12-30 07:00:00,87324.358,87529.6,87254.4545,87374.2935,0.123020824
2025-12-30 08:00:00,87394.1375,88113.44,87381.0075,87749.776,0.046106496
2025-12-30 09:00:00,87761.615,88019.804456002,87516.7,87886.991,0.047075379
2025-12-30 10:00:00,87887.89,88103.38,87784.355,87840.788,0.013307422
2025-12-30 11:00:00,87850.83,87964.7,87647.375,87802.5295,0.023319999
2025-12-30 12:00:00,87794.625,87979.698,87794.625,87917.927875,0.001619407
2025-12-30 13:00:00,87916.347875,88029.8495,87776.87,87978.0045,0.015263313
2025-12-30 14:00:00,87995.28,88939.37,87710.65,88781.64,0.049543221
2025-12-30 15:00:00,88773.2875,89081.3225,88113.088,88928.525,0.044516974
2025-12-30 16:00:00,88921.385,89314.650761421,88488.73,88655.8,0.011662159
2025-12-30 17:00:00,88652.758,88831.285,88050.0,88304.5515,0.309248194
2025-12-30 18:00:00,88296.2835,88441.35,88054.216,88207.0825,0.001908426
2025-12-30 19:00:00,88214.045,88356.655,87868.024,88136.249,0.066244664
2025-12-30 20:00:00,88145.315,88152.1645,87768.53,87864.1985,0.029008934
2025-12-30 21:00:00,87862.48,88263.705,87787.71,88194.97,0.100728204
2025-12-30 22:00:00,88192.939,88399.027,88177.4,88348.894,0.044494356
2025-12-30 23:00:00,88336.9565,88499.65,88267.8575,88395.268,0.005779479
2025-12-31 00:00:00,88400.9845,88409.0295,88143.155,88165.7185,0.002743542
2025-12-31 01:00:00,88170.51,88711.7,88062.095,88543.895,0.009812828
2025-12-31 02:00:00,88555.6725,88662.3,88426.13,88573.8295,0.004284
2025-12-31 03:00:00,88580.551,88712.185,88258.7555,88353.737,0.001343093
2025-12-31 04:00:00,88345.375,88457.934,88216.3025,88238.627,0.017892649
2025-12-31 05:00:00,88233.7595,88428.915,88233.3,88346.2135,0.013441954
2025-12-31 06:00:00,88341.75,88487.6,88289.5,88396.987,0.00152376
2025-12-31 07:00:00,88397.0495,88546.011,88314.565,88492.0705,0.011404719
2025-12-31 08:00:00,88511.09,88628.4,88270.09,88336.7135,0.00951339
2025-12-31 09:00:00,88319.339,88647.43,88319.339,88565.032,0.028258896
2025-12-31 10:00:00,88600.893,88782.1445,88533.532,88747.025,0.119510098
2025-12-31 11:00:00,88729.55,88941.0575,88668.3,88920.68,0.030285877
2025-12-31 12:00:00,88914.795,88946.775,88629.448,88671.8075,0.034047358
2025-12-31 13:00:00,88680.7,88979.0,88623.99,88876.326,0.002172417
2025-12-31 14:00:00,88874.44,89090.4,88148.767,88390.812,2.008094458
2025-12-31 15:00:00,88384.01,88419.568,87652.7,87823.36,0.031607587
2025-12-31 16:00:00,87833.472,88266.109874721,87277.05,87540.4015,0.040088447
2025-12-31 17:00:00,87515.6895,87627.5245,87360.499,87486.85,0.164476455
2025-12-31 18:00:00,87491.88,87881.861,87430.2,87549.125,0.008771961
2025-12-31 19:00:00,87546.3,87741.8365,87390.208,87402.727,0.028958381
2025-12-31 20:00:00,87392.2995,87571.05,87074.155,87514.39,0.061052644
2025-12-31 21:00:00,87516.144,87737.66,87516.144,87658.34,0.002836501
2025-12-31 22:00:00,87652.092,87737.9,87515.8065,87596.4805,0.013087928
2025-12-31 23:00:00,87578.518,87637.73,87440.3,87488.274,0.006037055
2026-01-01 00:00:00,87513.6405,87715.875,87469.5,87660.5,0.001306183
2026-01-01 01:00:00,87656.579,87908.3625,87645.9,87816.7795,0.05867035
2026-01-01 02:00:00,87784.725,87950.0415,87725.335,87765.755,0.007908036
2026-01-01 03:00:00,87745.45,87929.47,87652.8,87683.2735,0.002800352
2026-01-01 04:00:00,87707.3495,87754.999,87351.4,87426.835,0.055500481
2026-01-01 05:00:00,87429.132,87613.07,87429.132,87534.4475,0.006520512
2026-01-01 06:00:00,87538.091,87595.311,87461.7,87505.75,0.203414813
2026-01-01 07:00:00,87514.1625,87562.648,87451.302,87481.2855,0.127785727
2026-01-01 08:00:00,87469.02,87664.1325,87469.02,87614.591,0.133222784
2026-01-01 09:00:00,87624.0595,87831.778,87597.2,87749.3,0.002024944
2026-01-01 10:00:00,87743.434,87762.8,87648.55,87736.15,0.001947182
2026-01-01 11:00:00,87719.87,87941.3,87702.431,87892.737,0.00727639
2026-01-01 12:00:00,87854.874,87931.8,87782.9535,87809.7855,0.009665394
2026-01-01 13:00:00,87811.193,87897.267,87724.206,87784.7995,0.000805
2026-01-01 14:00:00,87780.412,87867.1,87702.3955,87846.6,0.02084861
2026-01-01 15:00:00,87862.2955,88015.385,87804.7655,87931.065,0.005277628
2026-01-01 16:00:00,87934.4355,88170.050761421,87767.47,87881.3795,0.023598156
2026-01-01 17:00:00,87869.65,88426.88,87827.9,88189.271,0.022704637
2026-01-01 18:00:00,88220.042,88263.995,87952.358,88073.53,0.075689041
2026-01-01 19:00:00,88085.695,88334.56,87944.51,88292.767,0.114385655
2026-01-01 20:00:00,88279.69,88329.7,88090.9,88139.455,0.029974516
2026-01-01 21:00:00,88143.835,88348.5375,88124.92,88285.525,0.002956829
2026-01-01 22:00:00,88280.532,88603.42125,88259.675,88527.5175,0.009694991
2026-01-01 23:00:00,88535.9605,88814.006,88333.5155,88756.746,0.078238514
2026-01-02 00:00:00,88734.7565,88796.69,88472.5795,88721.411,0.002983337
2026-01-02 01:00:00,88725.5,88785.865375,88412.125,88541.145,0.000923159
2026-01-02 02:00:00,88531.25,88585.5,88267.82,88529.745,0.002871358
2026-01-02 03:00:00,88534.814,89027.52,88455.371,88831.895,0.003845649
2026-01-02 04:00:00,88844.615,88899.696,88519.905,88540.525,0.001908375
2026-01-02 05:00:00,88520.8475,88728.4,88443.82,88653.595,0.015504203
2026-01-02 06:00:00,88664.801,89009.408,88620.2805,88815.378,0.007769723
2026-01-02 07:00:00,88854.4595,88968.344,88716.477,88765.3905,0.081255235
2026-01-02 08:00:00,88765.875,89090.42,88697.881,89072.679,0.003157799
2026-01-02 09:00:00,89068.925,89414.56,87463.92575,89375.3125,0.117229223
2026-01-02 10:00:00,89392.265,89849.548,89185.279187817,89574.316,0.115790768
2026-01-02 11:00:00,89558.85,89596.2335,89259.935,89410.51,0.004639845
2026-01-02 12:00:00,89416.768,89545.89,89282.2845,89307.154,0.03219843
2026-01-02 13:00:00,89327.8145,89642.737,87927.8515,89268.2,0.017074985
2026-01-02 14:00:00,89281.8,90066.1435,88390.441,89507.034,0.375971981
2026-01-02 15:00:00,89516.66,89840.05,88722.366,89351.4,0.030927267
2026-01-02 16:00:00,89328.718,90759.43,89169.8547574,90336.8845,0.0327507
2026-01-02 17:00:00,90331.15,90937.2725,90134.4055,90346.014,0.043307566
2026-01-02 18:00:00,90339.779,90532.4805,89493.5165,89731.4385,0.113424127
2026-01-02 19:00:00,89742.815,90135.599,89610.295,89839.8335,0.047435263
2026-01-02 20:00:00,89855.805,90049.1,89568.546,89691.6,0.090656584
2026-01-02 21:00:00,89693.9,90152.312,89675.1,90011.6325,0.019916301
2026-01-02 22:00:00,90028.4,90367.9475,89858.7375534,90161.0135,0.000731
2026-01-02 23:00:00,90151.9885,90186.915,89834.29,89962.89,0.014979
2026-01-03 00:00:00,89959.705,90183.16,89910.3705,90141.756,0.012814551
2026-01-03 01:00:00,90109.6,90273.905,89990.42,90250.7645,0.007490832
2026-01-03 02:00:00,90299.779,90395.102,90075.1,90309.0815,0.035716
2026-01-03 03:00:00,90300.23,90376.16,90151.38,90302.575,0.0029526
2026-01-03 04:00:00,90313.0345,90445.419,90023.845,90126.85,0.015341931
2026-01-03 05:00:00,90131.9535,90175.1,89844.77,89990.71,0.010444371
2026-01-03 06:00:00,89997.23,90105.37,89775.7,89872.4883304,0.009225951
2026-01-03 07:00:00,89866.9133304,89931.8645,89268.393,89551.825,0.012198374
2026-01-03 08:00:00,89549.14,89813.65,89379.8,89673.294731,0.001478412
2026-01-03 09:00:00,89668.794731,89959.26,89597.31,89760.6355,0.020511214
2026-01-03 10:00:00,89764.65,89886.368,89670.26,89725.9,0.027966421
2026-01-03 11:00:00,89711.05,89772.1192554,89608.999,89719.127,0.120013322
2026-01-03 12:00:00,89703.855,90003.8425,89567.58,89997.825,0.021554414
2026-01-03 13:00:00,89969.55,90060.4,89863.558,89961.4045,0.010410504
2026-01-03 14:00:00,89978.8695,90224.255,89902.787,90080.13,0.037956953
2026-01-03 15:00:00,90082.031,90089.136,89919.04,89931.6055,0.03186864
2026-01-03 16:00:00,89929.975,90168.5411624,89678.4359198,90056.5635,0.258065619
2026-01-03 17:00:00,90064.59,90129.57,89976.315,90059.86,0.026635729
2026-01-03 18:00:00,90047.965,90196.8623248,89964.1,90099.637,0.018895046
2026-01-03 19:00:00,90091.5135,90124.8,90007.7395,90069.6535,0.004875279
2026-01-03 20:00:00,90072.74,90388.0,89966.9835,90330.5325,0.041066599
2026-01-03 21:00:00,90318.745,90698.305,90274.91,90529.2055,0.004950678
2026-01-03 22:00:00,90533.792,90689.5345,90426.17,90559.743,0.001730197
2026-01-03 23:00:00,90565.3355,90712.964,90427.855,90596.725,0.029077113
2026-01-04 00:00:00,90628.95,91525.8395,90519.091051816,91294.9145,0.118762914
2026-01-04 01:00:00,91299.15,91445.982,90934.19,91201.832,0.082058932
2026-01-04 02:00:00,91195.7155,91282.704,91036.965,91097.479,0.023827222
2026-01-04 03:00:00,91086.12,91348.57,91043.592,91208.453,0.01437035
2026-01-04 04:00:00,91184.0,91569.403,91144.05,91381.45,0.008127641
2026-01-04 05:00:00,91372.16,91517.56,91310.75,91443.695,0.00784277
2026-01-04 06:00:00,91420.267,91770.989,91183.07,91183.07,0.004838332
2026-01-04 07:00:00,91195.185,91514.985,91171.0115,91489.145,0.007573236
2026-01-04 08:00:00,91497.61,91499.247,91143.312,91337.615,0.012645626
2026-01-04 09:00:00,91317.905,91458.222,91188.6,91403.746,0.00223747
2026-01-04 10:00:00,91433.4,91594.295,91372.2255,91552.8905,0.01325706
2026-01-04 11:00:00,91542.2295,91575.4,91142.35,91267.975,0.024468427
2026-01-04 12:00:00,91261.63,91341.568,91033.2,91101.5795,0.008381912
2026-01-04 13:00:00,91099.948,91262.873,90992.105,91216.834,0.050578813
2026-01-04 14:00:00,91231.995,91402.2,91047.2,91308.7295,0.013534423
2026-01-04 15:00:00,91293.8655,91354.26,91049.73,91295.915,0.015965993
2026-01-04 16:00:00,91293.375,91428.064,91192.01,91296.407,0.021320226
2026-01-04 17:00:00,91283.2495,91444.505,91242.206,91314.805,0.015868276
2026-01-04 18:00:00,91292.975,91349.02,90952.7695,91168.4045,0.100898805
2026-01-04 19:00:00,91183.5595,91185.8475,90828.126,91095.629,0.000118
2026-01-04 20:00:00,91115.05,91379.6,91090.445,91286.8645,0.02693594
2026-01-04 21:00:00,91277.105,91412.75,91012.9779200315,91259.26,0.017395863
2026-01-04 22:00:00,91242.1,91381.63,91104.0195,91158.507,0.004670057
2026-01-04 23:00:00,91190.95,91550.095,91170.05,91499.4,0.004488665
2026-01-05 00:00:00,91497.71,92376.043401015,91012.9779200315,92366.288401015,0.516126045
2026-01-05 01:00:00,92357.173401015,93317.0675,92242.9,92927.1275,0.237639835
2026-01-05 02:00:00,92939.85,93177.8,92693.44,93010.475,0.009225279
2026-01-05 03:00:00,93068.55,93189.839,92828.8,92843.444,0.01732924
2026-01-05 04:00:00,92834.785,92941.5,92290.9905,92559.135,0.252935
2026-01-05 05:00:00,92582.373,92723.042,92291.8885,92312.6035,0.009923136
2026-01-05 06:00:00,92300.17,92512.01,92110.29,92445.35,0.014650559
2026-01-05 07:00:00,92432.56,92624.274,92428.994,92512.5435,0.016884335
2026-01-05 08:00:00,92493.2,92746.1,92369.248,92435.405,0.093073166
2026-01-05 09:00:00,92447.463,92799.15,92270.434,92660.905,0.012271312
2026-01-05 10:00:00,92646.947,93163.23,92619.3285,93035.9,0.064420198
2026-01-05 11:00:00,93063.2275,93137.361,92791.57,93085.222,0.035824312
2026-01-05 12:00:00,93110.9435,93195.89675,92722.37,92812.285,0.070873395
2026-01-05 13:00:00,92848.0655,92997.769,92492.16,92715.045,0.086170767
2026-01-05 14:00:00,92693.2765,93635.087,92355.3225,93410.951,0.128674471
2026-01-05 15:00:00,93415.3,93993.19,92784.2859176,93933.6,0.742529063
2026-01-05 16:00:00,93959.985,94052.0189176,92200.0,93693.715,0.156372309
2026-01-05 17:00:00,93711.58475,94467.7,92847.093799373,94328.833625,0.197435043
2026-01-05 18:00:00,94345.141125,94527.835,93894.6,94454.42,0.054357826
2026-01-05 19:00:00,94436.937,94519.3,94122.475,94283.75,0.018029654
2026-01-05 20:00:00,94286.61,94819.492,94034.5455,94199.09,0.748449645
2026-01-05 21:00:00,94188.11,94280.28,93827.996,94113.74,0.004908977
2026-01-05 22:00:00,94113.103,94426.7425,93998.95,94184.985,0.014343529
2026-01-05 23:00:00,94163.085,94213.475,93859.39,93884.5945,0.045127368
2026-01-06 00:00:00,93893.285,94003.418,93546.7505,93815.517,0.13122937
2026-01-06 01:00:00,93830.3755,94179.393,93724.517,93757.514,0.341359
2026-01-06 02:00:00,93759.67,93887.555,93500.59,93643.16,0.265070189
2026-01-06 03:00:00,93644.12,93985.79,93590.75,93775.7655,0.015719609
2026-01-06 04:00:00,93780.9425,94002.985,93690.33,93786.718,0.518055192
2026-01-06 05:00:00,93763.01,93852.74,93540.07,93588.614,0.006315216
2026-01-06 06:00:00,93579.818,93943.305,93512.57,93755.8785,0.006282906
2026-01-06 07:00:00,93756.347,93758.3,93108.35,93226.0095,0.009177357
2026-01-06 08:00:00,93293.56,93406.935,93132.5175,93192.0,0.005542531
2026-01-06 09:00:00,93200.915,93543.5445,93186.8395,93441.687,0.004495296
2026-01-06 10:00:00,93433.585,93663.38,93372.6885,93554.192,0.167551508
2026-01-06 11:00:00,93546.746,93876.61,93542.605,93810.65,0.132134966
2026-01-06 12:00:00,93822.279,93974.29,93746.27,93835.05,0.020635426
2026-01-06 13:00:00,93829.735,93879.964,93610.3,93689.4805216,0.007009583
2026-01-06 14:00:00,93703.6,94414.815,93497.2755,93807.1,0.558556398
2026-01-06 15:00:00,93815.9215,94299.7625,93301.6,93626.245,0.756777105
2026-01-06 16:00:00,93617.4075,94036.15813558,92286.5,92651.487,0.051276759
2026-01-06 17:00:00,92653.331,92742.3,91483.13,91540.186,0.020360432
2026-01-06 18:00:00,91534.33,92178.935,91214.685,92000.963,0.65426403
2026-01-06 19:00:00,92008.765,92298.9,91836.05,92045.9075,0.045242295
2026-01-06 20:00:00,92050.19,92697.19,92030.775,92457.825,0.018894654
2026-01-06 21:00:00,92427.195,93807.106598984,91977.4449251075,93206.65,0.024909495
2026-01-06 22:00:00,93215.957,93483.4685,92913.769,93317.92,0.007325337
2026-01-06 23:00:00,93320.782,93807.085,93287.7725,93733.134,0.026955422
2026-01-07 00:00:00,93718.695,93718.695,91977.4449251075,92656.51,0.057143938
2026-01-07 01:00:00,92661.887,92851.1525,92231.0,92372.0,0.007465784
2026-01-07 02:00:00,92373.5,92998.758,92180.85,92886.9305,0.00961886
2026-01-07 03:00:00,92893.765,93055.63,92681.705,92776.43,0.004488198
2026-01-07 04:00:00,92782.915,92924.447,92529.395,92625.565,0.031145804
2026-01-07 05:00:00,92612.0485,92846.883,92448.9,92462.598,0.006134138
2026-01-07 06:00:00,92484.9365,92848.18,92447.665,92551.769,0.00197116
2026-01-07 07:00:00,92562.1255,92848.565,92508.104,92814.51,0.006896368
2026-01-07 08:00:00,92813.4,92918.5685,92579.8,92635.905,0.049602574
2026-01-07 09:00:00,92632.2465,92684.64,91513.626,91637.203,0.018804775
2026-01-07 10:00:00,91638.287,91959.2,91480.682,91893.059,0.009036632
2026-01-07 11:00:00,91916.6705,92193.4,91849.74,92015.2955,0.34948484
2026-01-07 12:00:00,91954.891,92104.4,91883.6,91911.55,0.020410999
2026-01-07 13:00:00,91923.525,92226.9585,91763.646,91980.2745,0.059146108
2026-01-07 14:00:00,91994.1275,92077.05,91284.61,91895.5655,0.153554016
2026-01-07 15:00:00,91904.177,91942.0865,90952.5265,91256.775,0.532711238
2026-01-07 16:00:00,91251.0095,91708.235,91069.815,91193.3155,0.294477098
2026-01-07 17:00:00,91178.0395,91620.9725,90945.775,91160.4,0.473946982
2026-01-07 18:00:00,91142.8995,91367.645,90644.375,90819.7275,0.021661594
2026-01-07 19:00:00,90801.8295,91182.644,90567.0805,91065.845,0.016331484
2026-01-07 20:00:00,91084.44,91216.55,90669.677,90946.44,0.016757757
2026-01-07 21:00:00,90958.675,91149.547,90933.765,91005.23,0.327422385
2026-01-07 22:00:00,90969.489,91269.94,90781.205,91108.366,0.019081679
2026-01-07 23:00:00,91097.5085,91398.675,90904.73,91285.8255,0.027714326
2026-01-08 00:00:00,91274.55,91429.65,90975.4225,91312.19,0.041698619
2026-01-08 01:00:00,91307.487,91583.585,90992.4116256155,91338.834,0.038008825
2026-01-08 02:00:00,91319.827,91400.63,90649.192,90877.6105,0.001328827
2026-01-08 03:00:00,90845.505,91038.67,90521.0525,90699.855,0.015734696
2026-01-08 04:00:00,90695.3135,91065.8555,90588.75,90892.4805,0.003872
2026-01-08 05:00:00,90904.15,91092.115,90661.22,90722.125,0.006575242
2026-01-08 06:00:00,90728.9475,90762.695,89784.413793103,89795.846,0.033591329
2026-01-08 07:00:00,89794.963793103,90498.5247574,89515.209,90418.45,0.038677846
2026-01-08 08:00:00,90414.9835,90645.2165,90025.0535,90106.394,0.0130309
2026-01-08 09:00:00,90115.85,90280.935,89810.684,89904.892,0.002703176
2026-01-08 10:00:00,89888.151,90375.1365,89648.8245,90301.753,0.036657475
2026-01-08 11:00:00,90286.0,90385.1775,89878.29,90100.957,0.004708861
2026-01-08 12:00:00,90098.495,90115.2045,89604.41,89886.085,0.008471592
2026-01-08 13:00:00,89846.5805,90041.272,89739.96,89853.6365,0.007232038
2026-01-08 14:00:00,89827.7525,90498.5247574,89207.4,89904.325,0.097363379
2026-01-08 15:00:00,89918.065,90745.9575,89696.7035,90698.39,0.018628941
2026-01-08 16:00:00,90694.235,90853.9,90198.2,90851.8235,0.024388326
2026-01-08 17:00:00,90849.7765,91402.1,90758.4745,91298.01,0.049406299
2026-01-08 18:00:00,91283.36,91405.91,90858.049,91065.791,0.115375312
2026-01-08 19:00:00,91051.527,91256.4685,90726.456,90863.7225,0.015676591
2026-01-08 20:00:00,90845.645,90923.898,90472.77,90866.1485,0.065717383
2026-01-08 21:00:00,90867.11,91268.137,90858.25,91195.4765,0.002182748
2026-01-08 22:00:00,91194.51,91412.8745,90948.8255,91184.0,0.006768105
2026-01-08 23:00:00,91162.09,91311.205,90965.975,91026.595,0.00509796
2026-01-09 00:00:00,91017.5995,91251.0,90953.823,91191.715,0.014745501
2026-01-09 01:00:00,91217.22,91869.400507614,90754.705,90981.28,0.00293235
2026-01-09 02:00:00,90976.2405,91410.63,90928.7795,90950.975,0.002922551
2026-01-09 03:00:00,90891.2,91179.219,90847.23,91136.8785,0.010392
2026-01-09 04:00:00,91119.27,91150.97,90816.805,90923.475,0.003353171
2026-01-09 05:00:00,90945.415,91075.96,90792.6495,90990.87,0.000696657
2026-01-09 06:00:00,90988.314,91073.4,90855.9605,91019.132,0.000927
2026-01-09 07:00:00,91028.03,91028.03,90623.193,90624.277,0.012847157
2026-01-09 08:00:00,90637.21,90749.864,89592.4,89933.65,0.008551385
2026-01-09 09:00:00,89902.81,90372.8,89892.43,90233.54,0.006342812
2026-01-09 10:00:00,90219.35,90483.96,90151.582,90383.84,0.004787385
2026-01-09 11:00:00,90404.38,90586.275,90294.9185,90362.55,0.005477169
2026-01-09 12:00:00,90360.758,90506.41,90126.065,90336.495,0.014131282
2026-01-09 13:00:00,90361.542,91226.306418944,90298.6465,90498.84,0.022424853
2026-01-09 14:00:00,90493.0645,91226.306418944,89831.096,90063.636,0.007241242
2026-01-09 15:00:00,90075.1085,91947.9,89738.48,91097.56,0.086074292
2026-01-09 16:00:00,91087.055,91710.505,91071.1655,91553.6495,0.126519409
2026-01-09 17:00:00,91532.65,91629.13,90914.58,91335.502,0.824204129
2026-01-09 18:00:00,91319.7325,91418.06,90238.387,90713.245,0.020151006
2026-01-09 19:00:00,90707.1685,90721.1715,90070.231,90198.7,0.020999797
2026-01-09 20:00:00,90207.885,90477.8,90122.16,90172.371,0.005446603
2026-01-09 21:00:00,90166.1945,91036.335,90020.26,90412.675,0.014945307
2026-01-09 22:00:00,90413.445,90588.445,90216.275,90490.0115,0.0008369
2026-01-09 23:00:00,90481.6915,90646.63,90444.73,90526.8055,0.007291029
2026-01-10 00:00:00,90583.161,90583.161,90379.8,90471.3375,0.053602932
2026-01-10 01:00:00,90490.1535,90646.33,90459.285,90574.11,0.001714698
2026-01-10 02:00:00,90564.055,90683.9,90439.5,90595.5,0.012271656
2026-01-10 03:00:00,90568.7855,90578.024,90419.8855,90510.53,0.002864957
2026-01-10 04:00:00,90496.2955,90587.089,90271.285,90343.125,0.00112142
2026-01-10 05:00:00,90324.108,90503.895,90303.15,90468.555,0.039137693
2026-01-10 06:00:00,90491.2855,90491.2855,90319.1,90374.0485,0.00386423
2026-01-10 07:00:00,90384.092,90584.134,90359.948,90544.567,0.021529956
2026-01-10 08:00:00,90485.434,90641.424,90441.5,90551.635,0.014326151
2026-01-10 09:00:00,90537.8215,90664.572,90474.391,90631.006,0.001882591
2026-01-10 10:00:00,90635.287,90754.4880487,90536.36,90691.7075,0.040048197
2026-01-10 11:00:00,90704.424,90737.296707,90568.206,90599.8,0.015656122
2026-01-10 12:00:00,90623.5025,90706.05,90539.17,90614.491,0.006229196
2026-01-10 13:00:00,90620.7785,90652.977,90514.0065,90523.1105,0.001169
2026-01-10 14:00:00,90574.64,90574.64,90408.655,90459.243,0.003722073
2026-01-10 15:00:00,90491.987,90553.254,90439.52,90553.254,0.00388688
2026-01-10 16:00:00,90551.665,90635.12,90467.31,90535.552,0.002687615
2026-01-10 17:00:00,90538.905,90676.56,90411.25,90425.4135,0.407666736
2026-01-10 18:00:00,90425.555,90489.51,90379.3045,90482.62,0.000143
2026-01-10 19:00:00,90490.76,90544.756,90467.0,90517.55,0.010582214
2026-01-10 20:00:00,90524.58,90584.827,90386.9,90453.84,0.033641292
2026-01-10 21:00:00,90465.255,90479.8,90368.22,90404.215,0.020408452
2026-01-10 22:00:00,90388.61,90499.055,90277.15,90316.24,0.110482869
2026-01-10 23:00:00,90328.12,90483.2,90297.975,90375.4645,0.048582019
2026-01-11 00:00:00,90395.7575,90537.3,90306.092,90518.7455,0.017428298
2026-01-11 01:00:00,90492.485,90553.049,90424.0995,90511.443,0.011768
2026-01-11 02:00:00,90520.05,90668.1,90475.015,90574.387,0.001149
2026-01-11 03:00:00,90590.007,90675.705,90490.585,90611.23,0.020877
2026-01-11 04:00:00,90605.405,90686.418,90538.5,90672.44,0.002130165
2026-01-11 05:00:00,90611.7,90758.49,90574.5,90653.4465,0.055053668
2026-01-11 06:00:00,90665.7835,90736.42,90476.492,90622.901,0.041648092
2026-01-11 07:00:00,90625.7575,90689.084,90524.29,90578.345,0.104787103
2026-01-11 08:00:00,90611.405,91274.200507614,90463.789,90656.46,0.001710854
2026-01-11 09:00:00,90655.1945,90728.8,90543.3705,90622.894,0.006450542
2026-01-11 10:00:00,90617.935,90666.1,90537.108,90615.382,0.001416
2026-01-11 11:00:00,90621.07,90643.4,90541.9,90633.5445,0.010996735
2026-01-11 12:00:00,90630.975,90893.56,90588.995,90828.835,0.001281
2026-01-11 13:00:00,90824.4,90864.458,90693.0715,90737.6,0.010647583
2026-01-11 14:00:00,90744.19,91074.975,90728.815,91014.479,0.004551577
2026-01-11 15:00:00,91030.431,91053.488,90583.805,90742.8,0.194350986
2026-01-11 16:00:00,90752.3525,91274.200507614,90752.3525,90915.3245,0.009798465
2026-01-11 17:00:00,90918.615,91024.87,90778.26,90855.19,0.007297784
2026-01-11 18:00:00,90855.115,90855.1885,90652.947,90755.0835,0.021897634
2026-01-11 19:00:00,90746.406,90805.578,90538.63,90559.73,0.012988255
2026-01-11 20:00:00,90553.255,90615.035,90276.936,90557.95,0.194070712
2026-01-11 21:00:00,90542.45,90715.8225,90450.7835,90614.9715,0.002412027
2026-01-11 22:00:00,90608.02,90632.5,90325.383,90410.625,0.00079022
2026-01-11 23:00:00,90387.8735,90920.45,90103.0575,90874.475,0.00363908
2026-01-12 00:00:00,90877.4925,91148.648,90558.225,91124.5795,0.014340225
2026-01-12 01:00:00,91125.4555,91676.815,90953.757,91289.515,0.016598917
2026-01-12 02:00:00,91280.6915,92271.556,91234.887,92100.1895,0.038786453
2026-01-12 03:00:00,92101.513,92428.3,91670.3145,91677.1235,0.014553229
2026-01-12 04:00:00,91702.793,92194.18,91560.35,92049.385,0.018741202
2026-01-12 05:00:00,92030.85,92153.7025,91916.208,92008.995,0.023002898
2026-01-12 06:00:00,91989.9315,92102.525,91647.58,91710.5995,0.003006829
2026-01-12 07:00:00,91708.765,91866.001,91241.392,91290.487,0.003341056
2026-01-12 08:00:00,91292.3745,91520.425,90242.1,90634.5715,0.124558432
2026-01-12 09:00:00,90652.075,90822.8905,90516.21,90584.25,0.093569773
2026-01-12 10:00:00,90585.444,90682.5755,90236.6285,90302.787,0.013119663
2026-01-12 11:00:00,90296.025,90695.641,90293.495,90502.685,0.023982881
2026-01-12 12:00:00,90500.24,90780.2,90488.3385,90652.34,0.001084567
2026-01-12 13:00:00,90643.805,90713.35,90413.221,90525.315,0.022434204
2026-01-12 14:00:00,90501.645,91033.4915,90001.125,90791.7755,0.037507091
2026-01-12 15:00:00,90796.889,91582.6455,90585.665,91581.594,0.16032294
2026-01-12 16:00:00,91577.74,93059.683029,91496.57275,92060.862,0.077446179
2026-01-12 17:00:00,92078.95,92253.624,90948.985,91440.7765,0.064321813
2026-01-12 18:00:00,91442.1335,91881.5495,91324.24,91611.74,0.002349534
2026-01-12 19:00:00,91602.5985,91825.07,91342.0315,91787.3295,0.137664859
2026-01-12 20:00:00,91809.86,91985.8145,91302.2,91408.4,0.335049593
2026-01-12 21:00:00,91392.03,91445.86,90808.56,90968.1715,0.003229623
2026-01-12 22:00:00,90982.5115,91368.24,90970.1985,91139.749,0.002885733
2026-01-12 23:00:00,91177.998,91220.045,90960.7,91189.36,0.001779954
2026-01-13 00:00:00,91183.4375,91464.9,91132.2725,91371.35,0.041841683
2026-01-13 01:00:00,91360.52,91461.2,90938.85,91067.2765,0.255165282
2026-01-13 02:00:00,91089.66,91270.685,90973.9,91003.73,0.044765783
2026-01-13 03:00:00,91027.75,91400.04,90999.67,91319.228,0.001029822
2026-01-13 04:00:00,91289.3955,91560.0175,91228.6,91417.9985,0.009502211
2026-01-13 05:00:00,91385.564,92158.91,91358.545,91822.348,0.033267609
2026-01-13 06:00:00,91819.822,92172.897,91603.7331401155,92086.96,0.012254489
2026-01-13 07:00:00,92082.8935,92159.9,91766.786,91844.1,0.006567875
2026-01-13 08:00:00,91857.4285,92173.135,91816.0,92065.3785,0.01082575
2026-01-13 09:00:00,92056.774,92591.025,91869.2265,92163.53,0.022793824
2026-01-13 10:00:00,92187.85,92272.1785,91930.4865,92028.5845,0.029724913
2026-01-13 11:00:00,92061.423,92170.3925,91840.33,91907.695,0.020643432
2026-01-13 12:00:00,91900.974,92105.6,91818.797,92021.4755,0.003456283
2026-01-13 13:00:00,92027.11,92519.39,91850.0385588345,91964.76,0.001186
2026-01-13 14:00:00,91974.184,92840.254,91668.585,92376.99,0.006145545
2026-01-13 15:00:00,92372.7,93415.795,92035.753,93410.922,0.261134308
2026-01-13 16:00:00,93394.0645,93762.215,92154.2071966185,93362.785,0.450769703
2026-01-13 17:00:00,93393.2885,93495.014,93067.665,93191.05,0.024955038
2026-01-13 18:00:00,93203.47,93844.3145,92528.3188717455,93621.6,0.016733487
2026-01-13 19:00:00,93606.545,94238.58,93443.4445,94223.561,0.088532873
2026-01-13 20:00:00,94243.5,94522.42,94112.65,94402.965,0.810382027
2026-01-13 21:00:00,94414.05,94525.2025,94041.7,94098.521,0.030765706
2026-01-13 22:00:00,94095.1055,96317.681842807,91761.8032912445,95728.55,0.410768019
2026-01-13 23:00:00,95717.795,96108.4365,95039.245,95366.55,0.062147119
2026-01-14 00:00:00,95407.062,95611.944,95079.161,95205.012,0.035188174
2026-01-14 01:00:00,95200.4,95559.5225,93543.5472981415,95209.26,0.049966415
2026-01-14 02:00:00,95204.739,95530.1465,93223.5670443345,95306.2455,0.207002323
2026-01-14 03:00:00,95328.235,95688.57,95241.685,95688.57,0.006858136
2026-01-14 04:00:00,95678.55,95771.22,95147.889,95204.6135,0.007223994
2026-01-14 05:00:00,95184.368,95240.423,94929.0,94995.709,0.012683174
2026-01-14 06:00:00,94979.969,95029.3,94538.7535,94986.7035,0.121338094
2026-01-14 07:00:00,94980.395,95238.763,94787.7,95171.73,0.023769997
2026-01-14 08:00:00,95160.8,95304.7,94851.2695,94851.2695,0.190543099
2026-01-14 09:00:00,94870.1905,95156.313,94802.073,95045.639,0.005761932
2026-01-14 10:00:00,94993.308,95285.105,93223.5670443345,95052.86,0.018007239
2026-01-14 11:00:00,95063.215,95077.83,94631.24,94751.669,0.019022825
2026-01-14 12:00:00,94741.404,95138.4,94625.867,95038.119,0.021248992
2026-01-14 13:00:00,95020.998,95242.35,94845.583,94958.7065,0.225104213
2026-01-14 14:00:00,94961.67,96825.2865,93223.5670443345,96486.985,0.169572806
2026-01-14 15:00:00,96481.3,97110.525,92218.8970443345,96772.41,0.120599185
2026-01-14 16:00:00,96793.466,97714.9825,96722.72,97339.9985,1.128588017
2026-01-14 17:00:00,97311.879,97833.0785,96822.9,96973.467,0.115821477
2026-01-14 18:00:00,96968.81,97139.2,96270.8025,96824.125,0.420068667
2026-01-14 19:00:00,96819.175,97663.73,96198.651231527,97291.285,0.00791123
2026-01-14 20:00:00,97248.8885,97956.175,96783.251231527,97685.975,0.356014798
2026-01-14 21:00:00,97667.785,97754.4695,97379.25,97566.525,0.047360122
2026-01-14 22:00:00,97572.82,97596.294,96831.865,96896.658,0.019082111
2026-01-14 23:00:00,96886.7455,97400.6815,96856.605,96971.41,0.030036214
2026-01-15 00:00:00,96949.4015,97016.58,96474.759,96631.795,0.037304213
2026-01-15 01:00:00,96664.882,96970.31,96261.645,96435.239,2.003331018
2026-01-15 02:00:00,96443.98,96624.1645,96091.2675,96309.745,0.004944304
2026-01-15 03:00:00,96315.267,96783.251231527,95739.731,95958.3395,0.012155523
2026-01-15 04:00:00,96016.7,96407.709,95882.89,96304.36,0.106730842
2026-01-15 05:00:00,96289.51,96509.053,96207.355,96426.525,0.01447963
2026-01-15 06:00:00,96394.674,96609.54,96131.559,96211.2635,0.014734954
2026-01-15 07:00:00,96204.345,96783.251231527,96122.1,96637.25,0.041820802
2026-01-15 08:00:00,96619.8305,96674.664,96270.0,96627.133,0.066419677
2026-01-15 09:00:00,96620.2225,97203.7,96531.3625,97028.9685,0.011474252
2026-01-15 10:00:00,97011.475,97089.5,96671.41,96800.915,0.098686542
2026-01-15 11:00:00,96777.584,96930.539,96546.875,96553.4805,0.821450449
2026-01-15 12:00:00,96570.45,96993.61,96492.83,96959.1305,0.039747154
2026-01-15 13:00:00,96948.217,97003.238,96589.899,96827.495,0.052605866
2026-01-15 14:00:00,96842.89,97138.96,95579.616231527,96032.9675,0.125242501
2026-01-15 15:00:00,96024.65,96783.251231527,95400.762,96724.835,0.097097069
2026-01-15 16:00:00,96708.699,96893.2,96188.5,96721.294,0.115485027
2026-01-15 17:00:00,96689.43,97051.3345,96209.23,96587.9095,0.055569149
2026-01-15 18:00:00,96574.21,96641.252074,95729.6125,95816.6455,0.022428056
2026-01-15 19:00:00,95828.6055,96209.23,95148.635,95473.69,0.204863603
2026-01-15 20:00:00,95481.425,95642.8285,95071.5,95233.49,0.196853422
2026-01-15 21:00:00,95227.312,95602.2405,95168.88675,95565.6155,0.006652188
2026-01-15 22:00:00,95539.25,95848.353,95461.42,95537.65,0.001934674
2026-01-15 23:00:00,95560.561,95705.4,95340.68,95583.3705,0.009495497
2026-01-16 00:00:00,95590.712,95813.74,95528.283,95593.906,0.011229575
2026-01-16 01:00:00,95620.205,95829.242,95383.9,95621.5025,0.005886297
2026-01-16 02:00:00,95629.96,95725.99,95354.085,95467.363,0.042077489
2026-01-16 03:00:00,95476.885,95613.159,95283.715,95323.61,0.002561059
2026-01-16 04:00:00,95323.2915,95595.822,95105.6305,95221.954,0.002570608
2026-01-16 05:00:00,95228.05,95686.885,95207.0785,95625.7085,0.020628384
2026-01-16 06:00:00,95651.9455,95800.78,95494.1,95721.0,0.002337917
2026-01-16 07:00:00,95792.7,95792.7,95412.8,95640.065,0.002691113
2026-01-16 08:00:00,95649.32,95839.617,95492.72,95635.8025,0.004379018
2026-01-16 09:00:00,95608.535,95771.5,95525.323,95616.4482772835,0.019265911
2026-01-16 10:00:00,95604.6242772835,95632.424,95234.828,95269.315,0.005111038
2026-01-16 11:00:00,95275.79,95454.87,95219.535,95390.96,0.008513408
2026-01-16 12:00:00,95380.105,95564.09,95297.2,95435.6135,0.004796779
2026-01-16 13:00:00,95425.7025,95543.856,95238.18,95416.1195,0.013787958
2026-01-16 14:00:00,95404.13,95794.4875,95143.38,95165.9845,0.018892923
2026-01-16 15:00:00,95124.4945,95753.564975369,94238.8375,94532.99,0.386044318
2026-01-16 16:00:00,94538.25,95753.564975369,94440.3155,94846.5,0.045605778
2026-01-16 17:00:00,94835.1,95094.04,94520.7755,95044.35,0.023893633
2026-01-16 18:00:00,95006.595,95192.4,94925.9845,94970.81,1.744718655
2026-01-16 19:00:00,94930.75,95010.4675,94758.37,94960.428,0.013970854
2026-01-16 20:00:00,94949.213,95543.602,94619.155,95536.874,0.014389307
2026-01-16 21:00:00,95525.4855,95602.634,95300.72,95494.4955,0.004907935
2026-01-16 22:00:00,95482.727,95557.43,95206.93,95490.93,0.002782962
2026-01-16 23:00:00,95490.185,95587.6,95351.841,95510.084,0.00230411
2026-01-17 00:00:00,95516.02,95567.6,95379.07,95431.7,0.007879056
2026-01-17 01:00:00,95425.1705,95521.9,95295.991,95356.95,0.005281893
2026-01-17 02:00:00,95365.55,95397.0,95161.4,95341.33,0.014306355
2026-01-17 03:00:00,95346.545,95348.255,95228.73,95322.12,0.006044066
2026-01-17 04:00:00,95336.5035,95345.05,95219.536,95291.965,0.000538065
2026-01-17 05:00:00,95271.5105,95397.138,95200.4,95281.23,0.005778608
2026-01-17 06:00:00,95279.905,95371.78,95150.265,95190.102,0.047785666
2026-01-17 07:00:00,95183.455,95201.94,95014.4335,95076.4805,0.001901866
2026-01-17 08:00:00,95056.9375,95262.806,94989.037,95222.36,0.001935926
2026-01-17 09:00:00,95231.83,95290.6,95081.405,95215.337,0.003335603
2026-01-17 10:00:00,95212.0495,95265.772,95053.999,95053.999,0.000965726
2026-01-17 11:00:00,95060.2915,95315.9,94987.2,95283.4645,0.001144311
2026-01-17 12:00:00,95280.7595,95379.185,95187.842,95223.6815,0.017647595
2026-01-17 13:00:00,95213.4185,95466.63,95159.0,95405.921,0.011063871
2026-01-17 14:00:00,95406.2,95561.5,95285.6,95433.275,0.048774335
2026-01-17 15:00:00,95428.459,95620.8105,95377.74,95516.765,0.02907842
2026-01-17 16:00:00,95546.695,95546.695,95198.9,95282.9,0.005531886
2026-01-17 17:00:00,95275.345,95439.6,95242.9845,95330.3,0.008881303
2026-01-17 18:00:00,95330.46,95460.531,95294.86,95401.05,0.001797921
2026-01-17 19:00:00,95370.865,95387.36,95212.54,95273.655,0.006219417
2026-01-17 20:00:00,95233.6,95407.701,95233.531,95316.36,0.007816442
2026-01-17 21:00:00,95350.2855,95377.126,95238.96,95261.9435,0.000193
2026-01-17 22:00:00,95268.885,95295.2,95004.9145,95130.587,0.000217896
2026-01-17 23:00:00,95112.625,95192.8,95030.07,95102.9,0.001028
2026-01-18 00:00:00,95134.8,95219.44,95039.675,95064.074,0.024484961
2026-01-18 01:00:00,95061.14,95061.14,94818.93,94906.075,0.000635
2026-01-18 02:00:00,94928.045,95057.6,94813.195,94972.402,0.020735994
2026-01-18 03:00:00,94990.7965,95175.06,94952.72,95175.06,0.003429
2026-01-18 04:00:00,95158.563,95164.03,94976.9,95059.466,0.012698582
2026-01-18 05:00:00,95002.132,95230.235,94972.92,95154.79,0.016122111
2026-01-18 06:00:00,95149.75,95202.5,95056.1,95136.789,0.001837983
2026-01-18 07:00:00,95138.521,95153.4,94943.5,95015.319,0.000336
2026-01-18 08:00:00,94988.904,95197.89,94943.88,95151.645,0.006505657
2026-01-18 09:00:00,95154.63,95274.275,95092.56,95224.65,0.015028557
2026-01-18 10:00:00,95239.4045,95257.5625,95023.74,95144.052,0.015383969
2026-01-18 11:00:00,95132.6175,95193.79,95020.05,95118.9195,0.006486632
2026-01-18 12:00:00,95129.07,95186.123,95007.018,95069.317,0.006097621
2026-01-18 13:00:00,95106.934,95178.795,94863.225,95091.26,0.000662
2026-01-18 14:00:00,95093.1005,95327.255,94877.08,94915.113,0.003933196
2026-01-18 15:00:00,94900.1675,95135.926,94849.7,95101.6215,0.086137199
2026-01-18 16:00:00,95079.907,95203.83,95025.0835,95123.13,0.027975602
2026-01-18 17:00:00,95118.815,95264.4,95103.005,95224.2185,0.009841948
2026-01-18 18:00:00,95244.13,95483.655,95137.2255,95405.975,0.008217
2026-01-18 19:00:00,95435.275,95552.88,95287.9375,95333.009,0.022381853
2026-01-18 20:00:00,95341.965,95415.8,95251.565,95259.418,0.049096802
2026-01-18 21:00:00,95288.05,95445.21,95233.518,95395.81,0.000952583
2026-01-18 22:00:00,95378.595,95504.135,95355.7385,95454.59,5.0041e-05
2026-01-18 23:00:00,95462.83,95462.83,93581.0559237,93621.97,0.004831893
2026-01-19 00:00:00,93625.7,95251.4124242415,92009.5625,92659.8405,0.024773805
2026-01-19 01:00:00,92672.005,92849.22,92179.545,92532.525,0.319591089
2026-01-19 02:00:00,92554.4225,92655.3,92300.378,92495.2655,0.017465
2026-01-19 03:00:00,92543.95,92775.156,92444.525,92662.1095,0.018195455
2026-01-19 04:00:00,92650.3905,92719.39,92438.631,92606.5075,0.004825084
2026-01-19 05:00:00,92631.9265,92781.618,92459.0675,92470.976,0.033574894
2026-01-19 06:00:00,92486.955,92600.78,92338.325,92552.385,0.00663836
2026-01-19 07:00:00,92539.14,92814.0005,92494.278,92800.108,0.021033714
2026-01-19 08:00:00,92788.725,93335.1,92643.09,93215.047,0.018695622
2026-01-19 09:00:00,93191.3235,93289.0,92861.1,93001.5,0.00786453
2026-01-19 10:00:00,92995.081,93061.805,92826.515,93024.75,0.01097706
2026-01-19 11:00:00,93016.565,93260.753,92899.526,93129.1,0.016379922
2026-01-19 12:00:00,93118.8395,93241.35,92930.783,93003.475,0.010209912
2026-01-19 13:00:00,93024.445,93101.77,92747.19,92976.75,0.006160663
2026-01-19 14:00:00,92994.917,93335.0253807105,92685.55,92743.055,0.09313763
2026-01-19 15:00:00,92768.575,93071.4,92756.855,93018.315,0.009735375
2026-01-19 16:00:00,93003.6,93383.595,92942.24,93249.005,0.013907381
2026-01-19 17:00:00,93268.35,93348.409,93087.25,93197.416,0.000818461
2026-01-19 18:00:00,93192.1035,93218.188,92833.69,93030.3785,0.005016956
2026-01-19 19:00:00,93011.6395,93119.924,92936.2875,93056.93,0.027588368
2026-01-19 20:00:00,93043.629,93224.894,93000.524,93094.493,0.025128671
2026-01-19 21:00:00,93100.2,93312.7845,92932.985,92949.66,0.000579746
2026-01-19 22:00:00,92961.1345,93032.3,92477.31,92477.31,0.005714447
2026-01-19 23:00:00,92491.917,94119.0,92080.9695,92559.605,0.060485858
2026-01-20 00:00:00,92569.795,92823.55,92294.405,92634.438,0.001082429
2026-01-20 01:00:00,92656.827,92811.172,92455.513,92634.06,0.00492
2026-01-20 02:00:00,92660.5235,94402.45,92297.878,92475.4,0.217116827
2026-01-20 03:00:00,92490.3495,92597.15,92180.3815,92368.1155,0.054635665
2026-01-20 04:00:00,92373.3135,92412.7405,91920.713,91980.355,0.010415398
2026-01-20 05:00:00,91983.245,92026.62,91210.045,91528.245,0.747484317
2026-01-20 06:00:00,91547.37,91645.1970443345,90675.8770443345,90818.9535,0.382913406
2026-01-20 07:00:00,90813.37,91208.7,90748.7815,91082.05,0.109916082
2026-01-20 08:00:00,91073.84,91149.905,90569.557,91010.7195,0.233793944
2026-01-20 09:00:00,90998.9625,91034.356,90788.3,90917.3,0.017748998
2026-01-20 10:00:00,90950.772,91214.4,90871.8,91180.475,0.013040042
2026-01-20 11:00:00,91167.485,91361.409,91116.253,91135.18,0.015664608
2026-01-20 12:00:00,91125.53,91267.9,90947.5455,91195.885,0.004292327
2026-01-20 13:00:00,91197.794,91246.94,90678.355,90872.701,0.003086082
2026-01-20 14:00:00,90856.7845,91338.9990517239,90179.4766256155,90447.3,0.070768099
2026-01-20 15:00:00,90443.635,90706.05,89761.249,90571.147,0.995542082
2026-01-20 16:00:00,90581.43,90891.43,89913.7685,90072.185,1.823115786
2026-01-20 17:00:00,90053.28,90422.28,89329.1,89661.43,2.066423337
2026-01-20 18:00:00,89689.55,89861.24,89267.295,89390.8005,0.266534974
2026-01-20 19:00:00,89398.4085,89698.35,89182.3547574,89613.535,0.023209169
2026-01-20 20:00:00,89595.298,89728.9855,89246.646,89607.3,0.053372798
2026-01-20 21:00:00,89615.4275,89714.795,89291.316,89350.339,0.005659715
2026-01-20 22:00:00,89331.528,90669.2501145429,88017.35,88395.915,0.265490675
2026-01-20 23:00:00,88387.9685,89934.0729433494,87765.8,88322.465,0.022458601
2026-01-21 00:00:00,88367.905,88894.7,88133.31,88843.96,0.132546794
2026-01-21 01:00:00,88843.365,89056.305,88744.6105,88924.75,0.090621273
2026-01-21 02:00:00,88915.0935,89251.16,88866.74,88935.182,0.007916898
2026-01-21 03:00:00,88944.095,89934.0729433494,88899.47,89327.414,0.009120788
2026-01-21 04:00:00,89317.7,89519.8,89206.02,89342.6955,0.01176214
2026-01-21 05:00:00,89336.1055,90019.385,89308.74,89860.34,0.016543525
2026-01-21 06:00:00,89852.804,89879.86,89397.137,89570.65,0.264475221
2026-01-21 07:00:00,89553.855,89711.86,88978.85,89093.215,0.01311347
2026-01-21 08:00:00,89102.7115,89319.39,88891.973,89102.13,0.004471734
2026-01-21 09:00:00,89139.96,89934.0729433494,88963.579,89008.404,0.006221682
2026-01-21 10:00:00,89019.67,89304.85,88962.3195,89140.295,0.005410736
2026-01-21 11:00:00,89148.2715,89285.3,88603.475,88678.29,0.017123191
2026-01-21 12:00:00,88713.425,88750.9,88091.33,88645.59,0.221913874
2026-01-21 13:00:00,88634.4,88940.925,88472.7755,88578.135,0.090044794
2026-01-21 14:00:00,88565.91,89934.0729433494,88501.95,89694.95,0.061796728
2026-01-21 15:00:00,89698.45,90488.7,88233.1408357065,90192.6185,0.06934985
2026-01-21 16:00:00,90232.018,90424.2207266009,87510.092364532,87513.4085,0.259555909
2026-01-21 17:00:00,87517.717364532,89833.0877216749,87206.1791133,87852.685,0.164473114
2026-01-21 18:00:00,87851.9735,88581.9,87476.9575,88403.295,0.11862192
2026-01-21 19:00:00,88400.08,90724.2961383929,88195.065,90282.1695,0.019748818
2026-01-21 20:00:00,90277.663,90309.5,89367.595,90120.78,0.049780971
2026-01-21 21:00:00,90126.541,90273.56,89903.172,90195.2565,0.051176656
2026-01-21 22:00:00,90189.0,90317.952,89692.68,89692.68,0.000545032
2026-01-21 23:00:00,89679.01,90136.55,89270.94,89380.784,0.006142083
2026-01-22 00:00:00,89355.775,89961.35,89355.775,89826.968,0.016143745
2026-01-22 01:00:00,89856.48,90126.846,89737.9245,90021.2115,2.004869065
2026-01-22 02:00:00,90014.6035,90282.83,89752.45,89868.998,0.00103
2026-01-22 03:00:00,89849.275,90095.345,89598.8485,89818.873,0.015811696
2026-01-22 04:00:00,89819.9895,90013.944,89717.65,89908.7725,0.052189578
2026-01-22 05:00:00,89910.261,89994.7,89822.7235,89938.77,0.174455857
2026-01-22 06:00:00,89945.202,90136.455,89796.78,90094.818,0.001642758
2026-01-22 07:00:00,90095.3145,90127.299,89673.11,89746.7625,0.001386
2026-01-22 08:00:00,89731.0975,89917.5,89668.285,89840.931,0.005312185
2026-01-22 09:00:00,89836.793,90054.6105,89794.675,89941.9155,0.007008347
2026-01-22 10:00:00,89944.3965,90070.897,89826.85,90005.05,0.009695177
2026-01-22 11:00:00,90000.148,90079.38,89797.4,89836.645,0.006330066
2026-01-22 12:00:00,89876.375,90017.2005,89768.45,89920.775,0.013243328
2026-01-22 13:00:00,89925.6035,90304.14,89371.99,89540.195,0.130746925
2026-01-22 14:00:00,89519.673,89931.6098891624,88955.1665,89007.715,0.098071698
2026-01-22 15:00:00,88986.65,89361.675,88409.3985,88904.84,0.069618427
2026-01-22 16:00:00,88932.63,89181.515,88571.95,88951.2,0.293956824
2026-01-22 17:00:00,88975.972,89531.642,88928.576,89473.571,0.123500126
2026-01-22 18:00:00,89464.4405,89722.5285,89208.9,89239.2855,0.33613075
2026-01-22 19:00:00,89259.365,89842.665,89011.411,89700.18,0.08709886
2026-01-22 20:00:00,89675.4395,89882.863,89289.82,89313.362,0.178291713
2026-01-22 21:00:00,89304.75,89597.177,89143.354,89159.02,0.016836252
2026-01-22 22:00:00,89172.288,89469.3275,89046.3035,89265.195,0.004847453
2026-01-22 23:00:00,89265.533,89499.549,89038.6,89467.8185,0.003601126
2026-01-23 00:00:00,89467.5265,89615.44,89331.0,89443.113,0.001889043
2026-01-23 01:00:00,89426.3,89851.54,89426.3,89844.65,0.003885828
2026-01-23 02:00:00,89844.155,89885.685,89493.65,89566.53,0.004377732
2026-01-23 03:00:00,89559.645,89857.0,89527.272,89833.685,0.004169753
2026-01-23 04:00:00,89827.85,89991.035,89761.625,89842.165,0.062559819
2026-01-23 05:00:00,89892.53,89892.53,89369.763,89512.775,0.207847178
2026-01-23 06:00:00,89504.4515,89697.522,89274.2775,89395.648,0.001176274
2026-01-23 07:00:00,89416.03,89583.63,89309.496,89436.294,0.006974599
2026-01-23 08:00:00,89410.915,89535.6,89011.56,89114.54,0.03928641
2026-01-23 09:00:00,89100.06,89286.5,88741.7,88853.38,0.017586166
2026-01-23 10:00:00,88874.695,89062.819,88746.067,88947.3965,0.004922657
2026-01-23 11:00:00,88918.395,89249.9125,88848.176,89079.751,0.587528413
2026-01-23 12:00:00,89082.462,89277.86,88978.82,89141.175,0.042781
2026-01-23 13:00:00,89134.048,89347.171,89105.356,89216.7735,0.002130512
2026-01-23 14:00:00,89277.64,89621.2915,88515.1075,88893.865,0.039589261
2026-01-23 15:00:00,88891.675,89775.45,88441.593,89634.0565,0.01663873
2026-01-23 16:00:00,89653.02,90397.25,89247.3725677338,90010.9895,0.337195101
2026-01-23 17:00:00,90019.715,91141.8205,89451.1965402495,90502.45,0.872551255
2026-01-23 18:00:00,90492.8,90962.89,90359.46,90427.19,0.003304777
2026-01-23 19:00:00,90407.055,90442.0,89492.39,89873.465,0.155741866
2026-01-23 20:00:00,89864.459,90052.55,89096.145,89406.2075,0.024869866
2026-01-23 21:00:00,89396.1005,89603.47,89189.7,89242.8415,0.027964003
2026-01-23 22:00:00,89228.555,89654.669,89215.31,89524.122,0.00189144
2026-01-23 23:00:00,89494.045,89525.55,89357.0505,89479.432,0.000802412
2026-01-24 00:00:00,89493.223,89526.65,89265.694,89338.2425,0.016126239
2026-01-24 01:00:00,89319.5,89491.3,89319.5,89403.9685,0.000905602
2026-01-24 02:00:00,89413.4775,89627.06,89404.1,89583.5485,0.005191423
2026-01-24 03:00:00,89567.7825,89820.6255,89546.9315,89637.815,0.028685901
2026-01-24 04:00:00,89634.07,89740.89,89554.24,89708.475,0.003778343
2026-01-24 05:00:00,89709.3005,89747.0585,89615.3,89658.515,0.001137812
2026-01-24 06:00:00,89663.17,89663.17,89474.53,89526.298,0.002604085
2026-01-24 07:00:00,89527.6835,89602.97,89391.6,89492.983,0.029853319
2026-01-24 08:00:00,89477.685,89587.081,89425.804,89516.2,0.004053945
2026-01-24 09:00:00,89514.004,89565.42,89432.031,89472.913,0.025566213
2026-01-24 10:00:00,89455.61,89542.07,89429.52,89502.365,0.00386005
2026-01-24 11:00:00,89554.8,89570.251,89427.55,89453.155,0.027521233
2026-01-24 12:00:00,89456.485,89521.229,89356.915,89386.8,0.002079084
2026-01-24 13:00:00,89399.0095,89466.53,89216.685,89216.685,0.007455174
2026-01-24 14:00:00,89224.045,89436.9,89046.565,89321.14,0.017744847
2026-01-24 15:00:00,89313.95,89382.6535,89108.4655,89144.515,0.000885029
2026-01-24 16:00:00,89131.975,89236.6155,89028.5485,89141.748,0.010490929
2026-01-24 17:00:00,89170.8075,89288.715,89108.269,89267.35,0.023947393
2026-01-24 18:00:00,89241.54,89355.942,89209.18,89239.19,0.017947455
2026-01-24 19:00:00,89279.13,89279.13,89134.537,89180.7245,0.042820961
2026-01-24 20:00:00,89186.15,89307.41,89172.54,89262.2105,0.056066676
2026-01-24 21:00:00,89240.14,89320.989,89090.722,89235.65,0.000373
2026-01-24 22:00:00,89255.8265,89368.55,89150.337,89300.91,0.004740673
2026-01-24 23:00:00,89291.15,89344.2915,89057.415,89085.755,0.001581453
2026-01-25 00:00:00,89129.7,89192.2,89039.05,89192.2,0.002149
2026-01-25 01:00:00,89163.205,89195.425,88976.83607142857,89037.1180357143,0.139236391
2026-01-25 02:00:00,89014.3030357143,89145.351,88976.83607142857,88997.3995357143,0.01133245
2026-01-25 03:00:00,89001.9180357143,89044.3355,88696.1245,88827.115,0.005281891
2026-01-25 04:00:00,88811.703,89013.451,88794.9315,88888.3235,0.000870446
2026-01-25 05:00:00,88856.447,88939.5,88728.493,88860.6,0.017459413
2026-01-25 06:00:00,88868.047,88919.756,88519.2645,88682.132,0.005451119
2026-01-25 07:00:00,88687.85,88734.2,88489.73,88521.25,0.006056374
2026-01-25 08:00:00,88520.335,88645.48,88000.0,88160.2995,0.012742325
2026-01-25 09:00:00,88157.303,88376.544,88102.9695,88277.15,0.011685775
2026-01-25 10:00:00,88272.358,88543.727,88258.957,88517.0,0.002312302
2026-01-25 11:00:00,88491.3905,88601.06,88380.41,88407.82,0.014110547
2026-01-25 12:00:00,88419.478,88684.169,88303.952,88650.915,0.005685344
2026-01-25 13:00:00,88661.67,88853.3,88520.79,88812.184,0.01261852
2026-01-25 14:00:00,88806.2285,88817.39,88479.8,88576.56,0.014910017
2026-01-25 15:00:00,88567.1,88661.796,88244.557,88327.852,0.013752474
2026-01-25 16:00:00,88326.25,88849.11,87451.73,87965.8105,0.144226786
2026-01-25 17:00:00,87975.701,87988.285,87633.1475,87784.95,0.038432634
2026-01-25 18:00:00,87770.5795,88349.11,86725.603694581,87282.79,0.042116452
2026-01-25 19:00:00,87299.211,88198.863694581,86088.275,86390.345,0.197939681
2026-01-25 20:00:00,86397.7095,86643.5,86111.76,86568.33,0.032429517
2026-01-25 21:00:00,86560.5,86930.542,86287.9685,86485.85,0.051420772
2026-01-25 22:00:00,86487.3215,86596.5095,86120.889,86442.496,0.02668569
2026-01-25 23:00:00,86446.85,86706.15,85996.755,86582.45,0.679231852
2026-01-26 00:00:00,86569.155,87082.75,86405.662,86765.837,0.224064551
2026-01-26 01:00:00,86768.5065,87723.7655,86714.264,87610.5005,0.008281079
2026-01-26 02:00:00,87597.412,87880.2,87326.094,87442.3425,0.020643067
2026-01-26 03:00:00,87445.45,87570.35,86943.33,87149.505,0.032788326
2026-01-26 04:00:00,87169.163,87877.383,87097.14,87613.315,0.009233365
2026-01-26 05:00:00,87632.736,87895.9,87537.7,87713.9,0.325789899
2026-01-26 06:00:00,87701.845,87943.425,87637.0445,87839.668,0.00321975
2026-01-26 07:00:00,87847.0665,87981.642,86284.1913875,87916.265,0.030859884
2026-01-26 08:00:00,87900.778,88299.815,87238.535,87884.4,0.006267198
2026-01-26 09:00:00,87883.9155,87911.75,87489.615,87570.661,0.02271722
2026-01-26 10:00:00,87571.0645,87908.447,87550.123,87797.391,0.133557203
2026-01-26 11:00:00,87816.625,87926.0,87666.873,87763.929,0.116102664
2026-01-26 12:00:00,87758.42,87885.5,87612.267,87699.895,0.039082558
2026-01-26 13:00:00,87720.535,87970.9485,87553.9,87873.52,0.076950403
2026-01-26 14:00:00,87889.585,88422.6505,87238.535,88101.395,1.67077107
2026-01-26 15:00:00,88085.595,88802.10301,87232.055,87552.4485,0.488466184
2026-01-26 16:00:00,87561.7535,88349.11,87094.8715,87526.2,0.487527856
2026-01-26 17:00:00,87517.6735,88349.11,86940.525,87588.7,0.090232146
2026-01-26 18:00:00,87609.3765,88339.6775,87546.45,88323.716,0.042766522
2026-01-26 19:00:00,88323.67,88468.0,87847.5465,87926.2675,0.024483307
2026-01-26 20:00:00,87906.388,88050.51,87432.802,87549.495,0.062598365
2026-01-26 21:00:00,87550.7025,88151.25,87469.5745,87976.5,0.107539283
2026-01-26 22:00:00,87987.35,88201.97,87897.275,88068.039,0.005991562
2026-01-26 23:00:00,88037.3,88575.8005,87926.386,88265.7235,0.00959961
2026-01-27 00:00:00,88253.158,88369.265,88100.5245,88263.17,0.032614105
2026-01-27 01:00:00,88245.585,88612.8705,88094.472,88460.62,0.058815146
2026-01-27 02:00:00,88452.83,88777.2655357143,88439.004,88731.8235,0.06832984
2026-01-27 03:00:00,88704.75,88797.2105,88461.235,88672.898,0.012046673
2026-01-27 04:00:00,88674.2,88893.885,88392.605,88477.614,0.029408407
2026-01-27 05:00:00,88478.156,88494.065,88278.465,88352.528,0.004771984
2026-01-27 06:00:00,88354.895,88421.0,88149.02,88228.22,0.033748252
2026-01-27 07:00:00,88235.535,88510.5,88199.1175,88206.3,0.005103842
2026-01-27 08:00:00,88226.2815,88306.62,87998.8125,88041.601,0.087391415
2026-01-27 09:00:00,88059.0475,88059.0475,87702.03,87776.55,0.092808829
2026-01-27 10:00:00,87769.71,87947.4,87630.52,87653.707,0.014353458
2026-01-27 11:00:00,87676.888,87985.61,87590.05,87874.865,0.022852182
2026-01-27 12:00:00,87854.84,88041.999,87823.6375,87866.6675,0.012471341
2026-01-27 13:00:00,87864.2625,87951.4825,87642.253,87843.94,1.590212839
2026-01-27 14:00:00,87856.5525,88377.2655357143,87512.522,87632.6185,2.079369936
2026-01-27 15:00:00,87619.55,88377.2655357143,87437.9,87938.843,1.364952039
2026-01-27 16:00:00,87922.285,88729.105,87877.7115,88527.874,0.262167246
2026-01-27 17:00:00,88521.7485,88582.14,87189.535,87416.755,0.421784604
2026-01-27 18:00:00,87428.0025,88400.5635,87336.551,88170.6,0.062175369
2026-01-27 19:00:00,88182.974,88442.8675,87914.2,88278.6745,0.415274633
2026-01-27 20:00:00,88286.25,89389.894,88252.993,89297.5595,0.104277428
2026-01-27 21:00:00,89289.3155,89434.0235,88103.0,88955.08,0.012296374
2026-01-27 22:00:00,88956.3305,89320.85,88899.65,89140.126,0.003278441
2026-01-27 23:00:00,89152.925,89400.5025,89019.03,89129.7945,0.004202711
2026-01-28 00:00:00,89141.45,89369.362,89034.73,89348.6845,0.018727918
2026-01-28 01:00:00,89346.483,89398.8,89060.482,89272.15,0.005305162
2026-01-28 02:00:00,89288.52,89333.705,88955.428,89156.311,0.001695172
2026-01-28 03:00:00,89148.5,89195.4595,88854.674,88993.15,0.036281689
2026-01-28 04:00:00,88988.907,89064.162,88704.575,88865.6055,0.060420476
2026-01-28 05:00:00,88872.09,88998.95,88723.5,88948.23,0.013137027
2026-01-28 06:00:00,88977.601,89289.4115,88971.25,89197.76,0.006666897
2026-01-28 07:00:00,89195.16,89249.9,88983.813,89025.45,0.035417148
2026-01-28 08:00:00,89011.9825,89150.851,88756.0525,88794.91,0.013977698
2026-01-28 09:00:00,88799.135,89407.645,88740.918,89407.645,0.091886308
2026-01-28 10:00:00,89412.29,89585.4495,89173.002,89279.1145,0.008306821
2026-01-28 11:00:00,89303.8925,90041.655,89187.3325,89960.5255,0.00860752
2026-01-28 12:00:00,89952.5,90080.5,88690.7316071429,89894.388,0.191689448
2026-01-28 13:00:00,89887.138,90361.28,89836.64,90149.9,0.185670894
2026-01-28 14:00:00,90137.85,90166.22,89315.611,89516.135,0.231120611
2026-01-28 15:00:00,89485.32,89744.4315,88763.3915,89371.689,0.013770724
2026-01-28 16:00:00,89372.294,89719.565,89118.983,89531.222,0.119252125
2026-01-28 17:00:00,89516.51,90493.529,89158.8675,90059.7,0.024173765
2026-01-28 18:00:00,90058.0685,90058.0685,89233.5,89429.1715,0.034872518
2026-01-28 19:00:00,89438.95,89604.395,88877.462,89263.295,2.001060739
2026-01-28 20:00:00,89251.415,89772.675,88864.586,88982.29,0.091425943
2026-01-28 21:00:00,88991.5765,89371.075,88731.281,89292.1125,0.00101662
2026-01-28 22:00:00,89279.4,89349.3,88985.7665,89237.22,0.003320928
2026-01-28 23:00:00,89257.52,89344.7305,89069.417,89159.443,0.00387305
2026-01-29 00:00:00,89170.1775,89219.672,88752.3585,89004.3225,0.000581
2026-01-29 01:00:00,89005.6545,89044.1215,88391.665,88466.979,0.086345393
2026-01-29 02:00:00,88476.1,89017.1460714286,87547.425,87755.784,0.007410975
2026-01-29 03:00:00,87777.025,88123.8275,87630.732,87930.09,0.057127372
2026-01-29 04:00:00,87912.9,88217.0915,87748.8285,88164.91,0.133142149
2026-01-29 05:00:00,88159.0165,88283.601,87995.15,88053.5855,0.131277592
2026-01-29 06:00:00,88034.655,88268.894,88023.95,88170.745,0.034614404
2026-01-29 07:00:00,88186.54,88316.2,88112.6545,88237.784,0.044879574
2026-01-29 08:00:00,88191.045,88366.0185,87766.6415,87914.555,0.019373566
2026-01-29 09:00:00,87904.325,88025.605,87739.878,87739.878,0.017232528
2026-01-29 10:00:00,87750.2155,87875.65,87684.729064039,87805.2365,0.023397342
2026-01-29 11:00:00,87779.45,88506.4350677338,87593.83,87691.9825,0.01421241
2026-01-29 12:00:00,87677.129,87980.491,87677.129,87960.838,0.123165589
2026-01-29 13:00:00,87982.39,88023.5875,87804.85,87910.4,0.173980178
2026-01-29 14:00:00,87911.6785,88464.0705357143,86855.881,86855.881,0.107414764
2026-01-29 15:00:00,86863.84,87053.448275862,84249.476600985,84782.919,2.895627392
2026-01-29 16:00:00,84772.99,85263.6625,84141.195,85152.775,1.555045505
2026-01-29 17:00:00,85137.5975,85769.7044334975,83901.496,84129.95,0.323876927
2026-01-29 18:00:00,84111.615,85621.921182266,83280.5757635465,83333.835,1.000431331
2026-01-29 19:00:00,83335.966,85375.6157635465,83255.3707635465,83836.65,0.309780454
2026-01-29 20:00:00,83872.493,84239.24,83645.037,84046.086,0.116790027
2026-01-29 21:00:00,84047.2465,84522.0275,84029.126,84361.789,0.080803506
2026-01-29 22:00:00,84377.88,84509.0,84162.1405,84421.9365,0.01624944
2026-01-29 23:00:00,84409.4375,84624.339,84281.369,84526.01,0.010315965
2026-01-30 00:00:00,84530.4095,84615.566,84026.6845,84047.277,0.007935603
2026-01-30 01:00:00,84043.108,85802.4125,81199.96,82345.9695,1.24899771
2026-01-30 02:00:00,82362.635,84237.08125,81030.4075,82031.55,0.091420464
2026-01-30 03:00:00,82057.915,82615.7645,81918.45,82552.971,1.918955483
2026-01-30 04:00:00,82566.91,83214.18,82545.3495,82804.205,0.078917286
2026-01-30 05:00:00,82787.3693448275,83235.29,82776.7013448275,82790.7603448275,0.190605148
2026-01-30 06:00:00,82785.1103448275,82807.54,81915.158,82480.484,0.11326109
2026-01-30 07:00:00,82485.8095,84237.08125,82325.335,82658.575,0.107338972
2026-01-30 08:00:00,82671.1805,82836.569,82279.439,82528.415,0.023113038
2026-01-30 09:00:00,82532.65,82679.031615,82021.688,82230.895,0.146729814
2026-01-30 10:00:00,82222.111,82773.6245,82040.286,82702.95,0.085252686
2026-01-30 11:00:00,82696.416,85085.0,82539.3,83002.6165,0.053314983
2026-01-30 12:00:00,83011.195,83224.8,82494.505,82660.65,0.161185094
2026-01-30 13:00:00,82645.0065,82938.35,81773.1867799505,82572.7584125,0.11495254
2026-01-30 14:00:00,82584.2914125,83676.0515,82394.0886699505,82985.737,0.433296928
2026-01-30 15:00:00,82985.0255,83506.14,82248.615,82768.32,0.051753684
2026-01-30 16:00:00,82750.679,83375.985,82135.899888356,83020.55,0.177353441
2026-01-30 17:00:00,83027.0385,83381.2,82498.5325,82827.728,0.210345794
2026-01-30 18:00:00,82823.09,84052.47,81757.5715,83812.42,0.224725427
2026-01-30 19:00:00,83804.04,84514.366,81948.4789185505,84107.255,0.162624093
2026-01-30 20:00:00,84117.91,84148.5055,83403.1735,83771.551,0.350751884
2026-01-30 21:00:00,83763.657,85724.238745,83640.242,84142.28,0.009029851
2026-01-30 22:00:00,84116.175,84193.37,83762.061,84080.7875,0.028522475
2026-01-30 23:00:00,84075.1275,84167.9675,83792.995,84141.69,0.003141959
2026-01-31 00:00:00,84145.4875,84155.5655,83865.81,83938.05,0.073804269
2026-01-31 01:00:00,83931.515,84149.8,83749.67,83880.135,0.004739584
2026-01-31 02:00:00,83841.509,84068.2425,83677.4835,83988.85,0.849220521
2026-01-31 03:00:00,84006.675,84121.9,83860.51,83903.5205,0.007544686
2026-01-31 04:00:00,83877.4615,84065.5,83788.47,83855.295,0.052596348
2026-01-31 05:00:00,83847.99,83980.3965,83748.223,83843.255,0.00617695
2026-01-31 06:00:00,83841.49,83922.865,83498.67,83644.284,0.448527051
2026-01-31 07:00:00,83632.69,83695.01,83239.07,83384.5,0.324154486
2026-01-31 08:00:00,83407.053,84144.0886699505,82430.8815,82944.5,0.722243819
2026-01-31 09:00:00,82931.94,83204.1,82739.626,82977.6,0.0112934
2026-01-31 10:00:00,82986.36,83094.53,82759.94,83040.85,0.011150258
2026-01-31 11:00:00,83023.8595,83023.8595,82718.1155,82879.66,0.002996856
2026-01-31 12:00:00,82883.1725,83016.35,82560.992,82623.17,0.123484034
2026-01-31 13:00:00,82619.65,84475.6157635465,82334.17,82646.24,0.030357266
2026-01-31 14:00:00,82639.888,84475.6157635465,80723.195,81357.28,1.302013182
2026-01-31 15:00:00,81392.99,84278.455,80945.54,81179.2,0.259480013
2026-01-31 16:00:00,81174.93,83897.7832512315,80017.733990147,80250.425,1.317458602
2026-01-31 17:00:00,80229.365,83706.1576354675,78325.123152709,78779.605,0.538706886
2026-01-31 18:00:00,78780.04,82666.256157635,75000.0,77957.8,1.465307348
2026-01-31 19:00:00,77962.982,82419.950738916,77093.1725,77657.05,0.166049598
2026-01-31 20:00:00,77703.2,80124.3654822335,76982.946,77904.4375,0.130392253
2026-01-31 21:00:00,77893.82,80124.3654822335,77272.819,78224.2,0.066291116
2026-01-31 22:00:00,78205.4745,78416.45,77849.71,78072.784,0.025596582
2026-01-31 23:00:00,78063.8095,80824.3654822335,77982.1,78664.2465,0.060594989
2026-02-01 00:00:00,78662.6,79355.5955,78562.012,78847.785,0.013336758
2026-02-01 01:00:00,78825.4305,78884.2,78222.76,78457.9,0.69400788
2026-02-01 02:00:00,78446.9,78989.3045,78302.3585,78839.16,0.073448184
2026-02-01 03:00:00,78843.12,78937.7,78606.0135,78806.55,0.335759222
2026-02-01 04:00:00,78804.6705,79054.968,78636.475,78880.455,0.038247416
2026-02-01 05:00:00,78893.085,80540.6216398685,78437.205,78546.7195,0.027038165
2026-02-01 06:00:00,78545.025,78778.04,78187.4,78235.464,0.17706619
2026-02-01 07:00:00,78232.8155,80624.3654822335,77911.123,78288.3175,0.037853929
2026-02-01 08:00:00,78276.4735,78803.65,78175.53,78533.7555,0.058470878
2026-02-01 09:00:00,78529.38,79062.32,78476.775,78965.791,0.021766299
2026-02-01 10:00:00,79014.231,80540.6216398685,78080.315,78211.555,0.08391984
2026-02-01 11:00:00,78195.64,80769.0261377335,78195.64,78697.175,0.038010423
2026-02-01 12:00:00,78716.479,80540.6216398685,78174.299,78404.37,0.045855643
2026-02-01 13:00:00,78416.2,78708.3415,78147.05,78261.0,0.025692432
2026-02-01 14:00:00,78256.9625,80294.3162211495,77175.6274014775,78158.38,0.114238198
2026-02-01 15:00:00,78158.4,80201.705383711,76725.661194581,77536.99,0.038445995
2026-02-01 16:00:00,77551.165,79974.1191768145,77019.0905,77439.896,0.117941679
2026-02-01 17:00:00,77435.5035,77698.54,77230.35,77687.6,0.071139006
2026-02-01 18:00:00,77717.6155,80409.4104822335,77655.0695,77961.533,0.0819785
2026-02-01 19:00:00,77962.3755,79974.1191768145,76907.6546231524,77102.346,0.03655384
2026-02-01 20:00:00,77095.5825,79801.705383711,76527.888,77040.285,0.152535618
2026-02-01 21:00:00,77037.523,79801.705383711,76299.7865,76445.4985,0.035907573
2026-02-01 22:00:00,76453.1035,79874.3654822335,76378.66,77190.785,0.040399943
2026-02-01 23:00:00,77168.065,79609.58715711,75654.856,76904.14,0.070652901
2026-02-02 00:00:00,76908.971,79575.1043984895,76527.018,77627.1775,1.061418017
2026-02-02 01:00:00,77621.515,77862.685,76563.945,77454.1445,0.010580681
2026-02-02 02:00:00,77451.96,77495.52,76366.5165,76416.82,0.038937059
2026-02-02 03:00:00,76416.68,81334.8779822335,74541.2476485725,76216.913,0.313686458
2026-02-02 04:00:00,76216.448,78891.608130806,75246.323,75799.963,0.355289086
2026-02-02 05:00:00,75796.87,78891.608130806,74821.55,75407.675,0.111289787
2026-02-02 06:00:00,75408.15,78891.608130806,74865.704,76481.61,0.040537022
2026-02-02 07:00:00,76470.0,78891.608130806,76244.546,76563.315,0.354909678
2026-02-02 08:00:00,76562.55,78891.608130806,76520.5745,76786.512,0.118146306
2026-02-02 09:00:00,76804.391,80206.8104822335,76557.34,77625.985,0.058413849
2026-02-02 10:00:00,77645.154,78891.608130806,77378.3015,77428.163,0.059636769
2026-02-02 11:00:00,77476.026,77896.1915,75809.4855818425,77689.391,0.088892957
2026-02-02 12:00:00,77696.1,80073.626565977,77625.3935,77939.525,0.223835798
2026-02-02 13:00:00,77936.51,80506.0054822335,77723.74,78163.59,0.134456297
2026-02-02 14:00:00,78155.676,80701.7354822335,77157.059252159,77789.7125,0.743998819
2026-02-02 15:00:00,77777.965,80166.730014253,77493.0,78827.475,0.720926086
2026-02-02 16:00:00,78840.533,80294.3162211495,78529.5875,78574.321,0.194239212
2026-02-02 17:00:00,78583.6055,80786.927058588,78536.1745,78949.2205,5.089606135
2026-02-02 18:00:00,78942.3725,80786.927058588,78325.123152709,78498.867,1.315767893
2026-02-02 19:00:00,78490.022,78652.5165,78174.8,78283.839,0.089199538
2026-02-02 20:00:00,78272.315,78610.13,77837.533,77935.9375,0.266056041
2026-02-02 21:00:00,77929.95,78502.575,77839.82,78477.72,0.015707522
2026-02-02 22:00:00,78505.0,78805.01,78452.045,78741.9,0.0263054
2026-02-02 23:00:00,78747.905,78874.285497264,78491.4745,78660.45,0.217915284
2026-02-03 00:00:00,78689.15,79022.333793948,78332.1705,78988.007793948,0.824800106
2026-02-03 01:00:00,79006.952793948,79098.742816606,78628.717816606,78954.35,0.439181107
2026-02-03 02:00:00,78942.05,78953.9285,77718.6145320195,77721.281,0.339238506
2026-02-03 03:00:00,77739.535,78875.0,77580.763,78685.91,0.164140454
2026-02-03 04:00:00,78686.9975,78959.29,78414.511,78721.734,0.190939181
2026-02-03 05:00:00,78752.895,78756.747,78149.146,78158.6,0.141076565
2026-02-03 06:00:00,78168.365,78595.37,77865.866157635,78538.206,0.042155504
2026-02-03 07:00:00,78512.62,78859.43,78410.568,78730.6175,0.141645792
2026-02-03 08:00:00,78733.7975,79028.13,78381.8625,78679.82,0.925423911
2026-02-03 09:00:00,78693.0935,78779.1725,77868.0,78330.445,0.052338575
2026-02-03 10:00:00,78339.207,78511.3,77992.307,78065.615,0.008098213
2026-02-03 11:00:00,78060.9945,78294.244,77928.871,78010.8,0.174386391
2026-02-03 12:00:00,78004.4,78471.238974241,77919.715,78243.489,0.18915304
2026-02-03 13:00:00,78249.3165,78398.83,78123.0555,78220.67,0.08790082
2026-02-03 14:00:00,78231.205,78417.0,77084.145,77132.5035,0.606300738
2026-02-03 15:00:00,77127.3855,78137.3915,76984.5285,78076.9,0.15340665
2026-02-03 16:00:00,78087.589,78106.9,76412.671,76424.442,0.151314906
2026-02-03 17:00:00,76408.905,77368.1772313905,74808.57,74828.705,0.409670489
2026-02-03 18:00:00,74823.65,76837.142748632,73043.763054187,73047.22,1.354194833
2026-02-03 19:00:00,73049.21,76382.9555565135,72865.7895,74839.0,0.265104168
2026-02-03 20:00:00,74836.8615,76905.942748632,74480.101,76376.98,0.091780976
2026-02-03 21:00:00,76373.445,76872.055,75545.3378078815,76137.95,0.047997278
2026-02-03 22:00:00,76139.385,76208.55,75305.8225,75601.9,0.035688039
2026-02-03 23:00:00,75594.55,75908.75,75322.128,75655.595,0.023634117
2026-02-04 00:00:00,75654.965,76162.8495,75348.5195,75817.08,0.007977978
2026-02-04 01:00:00,75825.118,76686.1625,75015.377931034,76305.1935,0.13305091
2026-02-04 02:00:00,76310.521,76508.285,75362.037931034,75860.1135,0.018672327
2026-02-04 03:00:00,75856.79,76890.888,75362.037931034,76612.6515,0.205580602
2026-02-04 04:00:00,76608.23,76749.67,75362.037931034,76398.1505,0.387238778
2026-02-04 05:00:00,76395.751,76446.3,76001.21,76197.55,0.285435301
2026-02-04 06:00:00,76190.257,76694.0575,75362.037931034,76566.98,0.12943493
2026-02-04 07:00:00,76567.425,76569.32,75362.037931034,76416.665,0.19409494
2026-02-04 08:00:00,76402.046,76492.9,75963.621,76476.236,0.060496358
2026-02-04 09:00:00,76492.782,76520.0,75846.55,76003.2645,0.093262233
2026-02-04 10:00:00,75995.4625,76238.9,75950.7075,76189.591,0.024497101
2026-02-04 11:00:00,76174.0815,76187.745,75554.765,75905.2785,0.00652079
2026-02-04 12:00:00,75926.33,76171.1235,75896.6,76072.0915,0.135226048
2026-02-04 13:00:00,76050.3055,76091.35,74733.49,74752.35,0.365853598
2026-02-04 14:00:00,74746.865,75645.5135,74130.4,74234.65,0.358171694
2026-02-04 15:00:00,74254.8745,75534.4517241375,73677.125,74011.665,0.101410891
2026-02-04 16:00:00,74005.0635,74350.4468941625,72944.27,73505.371,0.436202253
2026-02-04 17:00:00,73477.0305,74104.141475443,71930.039408866,72399.456,0.946963548
2026-02-04 18:00:00,72396.665,74202.663642931,72107.21,73257.2845,0.715164559
2026-02-04 19:00:00,73265.343,74554.476005,72500.0,73746.85,0.946848299
2026-02-04 20:00:00,73754.8805,73984.065,73244.498,73346.266,0.188170149
2026-02-04 21:00:00,73353.0215,73487.05,72032.5745,72620.208,0.044721545
2026-02-04 22:00:00,72633.545,73535.75,71716.3,72377.3985,0.050191326
2026-02-04 23:00:00,72370.833,73375.635,72293.073,72995.1025,0.015441056
2026-02-05 00:00:00,73000.2815,73156.4,72584.7,72699.7955,0.192077316
2026-02-05 01:00:00,72710.058,73174.893,71815.5865,72228.609,0.026861924
2026-02-05 02:00:00,72243.672,72681.28,71149.995,71291.0015,0.241755179
2026-02-05 03:00:00,71297.9,72401.006061182,71034.48275862,71090.26,1.891865684
2026-02-05 04:00:00,71089.66,72277.8533518225,70575.6595,70737.949,0.549601955
2026-02-05 05:00:00,70741.229,72080.809016847,70015.6446625615,70578.87,0.402626123
2026-02-05 06:00:00,70567.32,71866.5233025615,70290.24,70810.2,0.11449129
2026-02-05 07:00:00,70803.919,71866.5233025615,70469.218,70592.1535,0.22880762
2026-02-05 08:00:00,70586.9645,72417.0806,70519.846,70904.825,0.267736404
2026-02-05 09:00:00,70912.2025,72019.51914,70900.72,71416.905,0.430989557
2026-02-05 10:00:00,71432.0315,72080.809016847,70519.907,70735.855,0.162293435
2026-02-05 11:00:00,70709.7265,72080.809016847,69802.605,70204.0,0.199492135
2026-02-05 12:00:00,70198.715,70565.0690394085,69064.039408866,69447.25,0.852397092
2026-02-05 13:00:00,69426.8,69748.1234482755,69117.8265,69547.712,0.25207234
2026-02-05 14:00:00,69548.348,71659.13414,69171.925,69272.51,0.473711928
2026-02-05 15:00:00,69283.7415,69762.7620482755,66502.463054187,67364.88,2.76024039
2026-02-05 16:00:00,67358.585,72013.6209090555,66009.852216748,68166.526,1.050564153
2026-02-05 17:00:00,68169.715,69636.6682503555,66024.028608374,66033.610608374,0.364398591
2026-02-05 18:00:00,66049.275,66979.934708374,65239.347,66219.155,6.306684952
2026-02-05 19:00:00,66212.685,66536.5849546795,65052.126157635,65120.475,0.263375735
2026-02-05 20:00:00,65130.83,66491.264757635,62224.463,63629.55,1.013516986
2026-02-05 21:00:00,63621.2,65378.9494866995,62750.416,63073.405,0.707515125
2026-02-05 22:00:00,63074.647,65009.4913586205,62569.4925,63779.532,0.085090617
2026-02-05 23:00:00,63797.888,66159.3086,62596.076,62786.261,0.037882189
2026-02-06 00:00:00,62792.6525,66159.0630554455,59968.06,63412.666,0.796334716
2026-02-06 01:00:00,63407.64,65674.1,61958.8679835,65624.14,0.196151053
2026-02-06 02:00:00,65644.6,66338.158415841,64140.06,64916.0005,0.10946541
2026-02-06 03:00:00,64912.1625,65674.5159891625,63690.1275,64077.21,0.239955103
2026-02-06 04:00:00,64078.675,66013.6136,63865.2715,64844.75,0.354845717
2026-02-06 05:00:00,64823.2915,66734.45,64712.585,66308.054,0.192444409
2026-02-06 06:00:00,66329.2985,68501.9884474,64803.895,64901.685,0.092076258
2026-02-06 07:00:00,64895.09,65587.9582,64559.0155,64760.9875,1.270459881
2026-02-06 08:00:00,64761.2085,65130.021,64421.07,64820.2175,0.112654236
2026-02-06 09:00:00,64813.45,66086.716,64576.4444334975,65721.209,0.853340678
2026-02-06 10:00:00,65723.65,66476.1014178215,65467.2095,65867.9785,0.782250285
2026-02-06 11:00:00,65881.15,66651.462,65686.84,66563.238,0.195759113
2026-02-06 12:00:00,66557.5915,68898.5541370555,66028.385,66491.71,0.461316933
2026-02-06 13:00:00,66495.7485,69454.3591370555,66397.7675,67271.672,0.705988447
2026-02-06 14:00:00,67261.8275,70585.4183370555,66585.9045,68179.215,0.718211099
2026-02-06 15:00:00,68177.99,69538.146082868,67441.007171717,68632.4905,2.070024828
2026-02-06 16:00:00,68626.183,70192.168,68431.95,69930.4,1.56940985
2026-02-06 17:00:00,69922.9,71486.45,69529.7825369455,70724.9,0.822415916
2026-02-06 18:00:00,70737.505,71262.2840139025,69295.5385,69736.535,1.744222338
2026-02-06 19:00:00,69734.12,70893.95,69588.25,70679.99,0.422296329
2026-02-06 20:00:00,70671.28,70925.84,69959.058,69959.235,0.51659191
2026-02-06 21:00:00,69953.719,70469.544,69800.085,70309.9915,1.080106883
2026-02-06 22:00:00,70308.271,71520.137,69833.7541133,71297.4,0.157986157
2026-02-06 23:00:00,71315.059,71695.065,70488.938,70524.3035,0.088128813
2026-02-07 00:00:00,70525.5445,70560.4,69681.231,69923.285,0.414960179
2026-02-07 01:00:00,69916.145,70652.349,69712.305,70445.55,0.10222833
2026-02-07 02:00:00,70443.716,70609.4,70112.6635,70322.06,0.033406361
2026-02-07 03:00:00,70323.635,70890.9155,70238.685,70890.545,0.052130542
2026-02-07 04:00:00,70895.55,71659.25,70565.792,70735.5635,0.433789377
2026-02-07 05:00:00,70718.935,71154.05,69920.71,70127.998,0.128491278
2026-02-07 06:00:00,70135.2,70287.846,68721.06,68728.4,0.196212619
2026-02-07 07:00:00,68748.0455,69264.257783251,67296.6,68062.74,0.323524113
2026-02-07 08:00:00,68063.851,68785.94,67717.9315,68465.638,0.182656252
2026-02-07 09:00:00,68470.273,69430.1469458125,67853.252,68120.111,0.090234729
2026-02-07 10:00:00,68098.734,68262.05,67569.529,67964.3,0.316649867
2026-02-07 11:00:00,67960.699,68132.205,67639.0245,67927.1765,0.047884396
2026-02-07 12:00:00,67911.89,69932.4605,67723.86,68957.853,0.056814853
2026-02-07 13:00:00,68961.6,69681.41,68749.6435,69023.1905,0.075786906
2026-02-07 14:00:00,69024.202,70078.26,68315.875,68573.151,0.062914262
2026-02-07 15:00:00,68582.999,70432.61,68479.79,69095.6015,0.027118388
2026-02-07 16:00:00,69087.74,71032.357524752,68575.82,68903.2415,0.103177232
2026-02-07 17:00:00,68924.45,69379.23,68532.425,69140.03,0.070462748
2026-02-07 18:00:00,69142.45,70272.07,68962.197,69464.81,0.153376401
2026-02-07 19:00:00,69462.44,70263.16,69220.9,69319.316,0.075932817
2026-02-07 20:00:00,69326.2475,69682.995,69195.8815,69580.165,0.074482048
2026-02-07 21:00:00,69608.3125,69658.7,68428.6,69462.965,0.009754566
2026-02-07 22:00:00,69463.75,69671.4025,69275.5795,69351.69,0.004635051
2026-02-07 23:00:00,69371.075,69418.239,68740.575,69237.3855,0.063279015
2026-02-08 00:00:00,69261.297,69383.15,68827.675,69088.9525,0.004236427
2026-02-08 01:00:00,69072.7705,69462.213,69039.2,69325.099,0.001415216
2026-02-08 02:00:00,69352.65,69665.648,69119.997,69316.601,0.009865217
2026-02-08 03:00:00,69329.968,70453.48,69043.7265,69071.87,0.113417644
2026-02-08 04:00:00,69053.77,69313.076,68910.1085,69294.1135,0.051044151
2026-02-08 05:00:00,69295.986,69366.12,69091.315,69181.5455,0.023415323
2026-02-08 06:00:00,69158.99,69362.9,69028.14,69308.8,0.283530838
2026-02-08 07:00:00,69309.591,69667.865,69165.2935,69638.8655,0.033721587
2026-02-08 08:00:00,69648.277,70723.8725,69471.495,70597.45,0.104472853
2026-02-08 09:00:00,70596.7155,70656.61,70024.2135,70057.072,0.014628964
2026-02-08 10:00:00,70066.2325,70415.1,69821.63,70215.263,0.272745966
2026-02-08 11:00:00,70217.622,71163.967,70149.785,70936.2825,0.077042792
2026-02-08 12:00:00,70924.2235,71220.4625,70649.575,71189.8695,0.267206048
2026-02-08 13:00:00,71193.1445,71473.785,70919.88,71471.8145,0.060809774
2026-02-08 14:00:00,71466.09,71522.432,71045.714,71207.271,0.058428663
2026-02-08 15:00:00,71219.879,71527.32,70736.1895,71138.43,0.037259818
2026-02-08 16:00:00,71141.965,71229.788,70204.025,70372.6,0.336384324
2026-02-08 17:00:00,70366.76,70835.877,70354.65,70745.115,0.030060116
2026-02-08 18:00:00,70749.35,71411.633,70701.274,71099.3635,0.037497941
2026-02-08 19:00:00,71088.9195,71490.54,71088.9195,71368.0545,0.325965797
2026-02-08 20:00:00,71375.2705,71380.7,70645.04,70801.26,0.065773656
2026-02-08 21:00:00,70803.915,71090.911,70488.725,70661.5655,0.003137524
2026-02-08 22:00:00,70659.5665,71071.575,70603.755,71020.254,0.060182202
2026-02-08 23:00:00,71018.026,72230.3615,69963.749,70284.43,0.032472812
2026-02-09 00:00:00,70291.663,70737.881,70079.626,70439.9,0.002850831
2026-02-09 01:00:00,70435.02,71418.865,70004.6395,70329.15,0.01049152
2026-02-09 02:00:00,70337.425,71048.8390394085,70170.75,70565.111,1.015390241
2026-02-09 03:00:00,70574.8055,71430.115,70554.1455,71254.255,0.045788553
2026-02-09 04:00:00,71254.65,71310.675,70873.825,70952.15,0.057264229
2026-02-09 05:00:00,70942.115,71072.4685,70754.32,70988.525,0.021137379
2026-02-09 06:00:00,70983.0005,70983.0005,70256.8425,70629.3785,0.424195446
2026-02-09 07:00:00,70598.37,70847.489,70276.6640394085,70374.035,0.065672066
2026-02-09 08:00:00,70380.1715,70582.34,69342.408,69832.385,0.022084976
2026-02-09 09:00:00,69805.8985,70069.3885,69405.785,69561.01,0.085762069
2026-02-09 10:00:00,69555.1065,69686.13,68355.676,68651.9175,0.583331861
2026-02-09 11:00:00,68666.6865,69228.105,68507.2925,68858.4505,0.036818353
2026-02-09 12:00:00,68865.17,69187.85,68791.79,69094.24,0.027942339
2026-02-09 13:00:00,69099.5275,69246.55,68543.705,68543.705,0.611020502
2026-02-09 14:00:00,68550.105,70309.922783251,68255.6365,69222.3925,0.084558982
2026-02-09 15:00:00,69236.75,70596.19,68773.791,69540.92,0.078424486
2026-02-09 16:00:00,69530.375,70588.375,69037.69,70054.5275,0.038100549
2026-02-09 17:00:00,70057.93,71086.1383502535,69820.405,70576.505,0.038128185
2026-02-09 18:00:00,70570.6775,71054.515,70043.2615,70398.3055,0.032366738
2026-02-09 19:00:00,70374.075,71498.87,70223.715,70914.4765,0.206067216
2026-02-09 20:00:00,70918.3,71522.545,70454.74,70711.965,0.066749066
2026-02-09 21:00:00,70721.2595,70780.504,69781.98,70368.055,0.040153789
2026-02-09 22:00:00,70364.1,70698.44,70240.508,70335.6585,0.060937621
2026-02-09 23:00:00,70333.992,70553.936,70048.155,70093.7595,0.001227523
2026-02-10 00:00:00,70107.8,70225.565,69699.307,69781.05,0.016007673
2026-02-10 01:00:00,69808.72,70497.1635,69786.4245,70446.72,0.019396485
2026-02-10 02:00:00,70442.34,70442.34,69942.91,70071.905,0.016483519
2026-02-10 03:00:00,70064.6255,70139.73,69172.0995,69459.975,0.014909483
2026-02-10 04:00:00,69443.1515,69864.7575,69420.388,69786.8605,0.309367412
2026-02-10 05:00:00,69785.425,70483.155,69155.7545,69394.379,0.013929871
2026-02-10 06:00:00,69387.0205,69467.644,68645.154,68871.45,0.114699866
2026-02-10 07:00:00,68877.27,69153.9505,68792.626,68876.175,0.085423407
2026-02-10 08:00:00,68864.2525,69163.4,68652.4,69080.289,0.067692593
2026-02-10 09:00:00,69072.184,70298.77,68588.812783251,69099.215,0.028091151
2026-02-10 10:00:00,69099.35,69198.55,68873.62,68878.55,0.007406103
2026-02-10 11:00:00,68870.97,69868.647783251,68397.2935,68479.8005,0.318824792
2026-02-10 12:00:00,68474.543,68828.854,68387.382,68549.233,0.361355643
2026-02-10 13:00:00,68560.632,69868.647783251,68327.361,68983.947,0.06087554
2026-02-10 14:00:00,68972.523,70098.875,67872.723,68418.568,0.473933052
2026-02-10 15:00:00,68410.1145,70028.5,68257.4395,69259.4225,0.470345347
2026-02-10 16:00:00,69264.6555,70028.5,68902.7015,69490.285,0.100141707
2026-02-10 17:00:00,69469.2075,70167.93,69275.4645,69902.465,0.074821292
2026-02-10 18:00:00,69905.3,70487.58,68577.73,68854.37,0.203619307
2026-02-10 19:00:00,68855.9805,69277.85,68639.183,69029.905,0.001251905
2026-02-10 20:00:00,69023.0655,69097.65,68583.12,68716.015,0.005710405
2026-02-10 21:00:00,68701.29,68982.065,68318.5545,68611.047,0.014794851
2026-02-10 22:00:00,68628.525,68825.65,68515.3965,68660.5,0.002652
2026-02-10 23:00:00,68648.785,68827.245,68468.85,68801.8215,0.00205684
2026-02-11 00:00:00,68802.1395,69210.5,68733.455,69145.53,0.076570012
2026-02-11 01:00:00,69162.54,69267.5,68863.495,68945.155,0.019206981
2026-02-11 02:00:00,68933.805,70323.61041,68561.7,68645.7,0.003239865
2026-02-11 03:00:00,68647.05,68716.0465,67965.6,68134.181,0.025949554
2026-02-11 04:00:00,68131.908,68393.5126887635,67322.905,67535.255,0.158341263
2026-02-11 05:00:00,67546.89,67773.89,67342.118,67375.35,1.531911452
2026-02-11 06:00:00,67371.9,67777.7491419655,66534.380349831,66746.9995,0.118535377
2026-02-11 07:00:00,66758.383,67219.29,66599.962,66992.96,0.070704886
2026-02-11 08:00:00,66981.642,67763.567422831,66746.693,66944.15,0.354660543
2026-02-11 09:00:00,66960.66,67763.567422831,66680.5,66837.217,0.172102575
2026-02-11 10:00:00,66829.835,66867.7335,66321.665,66496.3695,0.121516391
2026-02-11 11:00:00,66497.7895,67083.1985,66478.6,67028.3855,0.040322285
2026-02-11 12:00:00,67029.45,67661.412073,66703.875,67098.465,0.207852883
2026-02-11 13:00:00,67114.595,67624.8,66765.179,67434.02,0.145462121
2026-02-11 14:00:00,67417.743,68755.13,66417.525,66541.875,0.216617505
2026-02-11 15:00:00,66555.1315,67572.3304227535,65720.38,66468.9075,0.879356709
2026-02-11 16:00:00,66476.85,67204.059,65907.0735,65981.45,0.181257991
2026-02-11 17:00:00,65971.702,66890.8765,65825.151,66479.41,0.273340262
2026-02-11 18:00:00,66468.208,67506.813181374,66083.2115,67223.543,0.056226604
2026-02-11 19:00:00,67215.6,67816.485,67057.4,67526.2355,0.22440235
2026-02-11 20:00:00,67516.408,67713.125,67123.895,67504.89,0.052035454
2026-02-11 21:00:00,67506.63,68299.85,67363.76,67753.97,0.018589951
2026-02-11 22:00:00,67758.685,67833.2,67318.35,67386.05,0.075696695
2026-02-11 23:00:00,67377.637,67509.177,66731.0685,67034.425,0.006243589
2026-02-12 00:00:00,67038.16,67648.03,66987.205,67415.1885,0.001477647
2026-02-12 01:00:00,67402.145,68014.3415,67050.291108374,67642.25,0.002614786
2026-02-12 02:00:00,67645.4395,67756.015,67339.046,67379.195,0.11371158
2026-02-12 03:00:00,67395.45,67562.052,67262.455,67523.036,0.00822596
2026-02-12 04:00:00,67539.01,67637.8,66944.4565,66964.3815,0.052885409
2026-02-12 05:00:00,66967.815,67166.4475,66602.845,67100.334,0.031416175
2026-02-12 06:00:00,67100.401,67300.2715,66950.87,67070.535,0.013637068
2026-02-12 07:00:00,67083.2915,67296.635,66878.201,67179.595,0.005316569
2026-02-12 08:00:00,67177.156,67295.982,66826.6695,67094.255,0.021964453
2026-02-12 09:00:00,67071.5075,67656.54,66986.3945,67515.695,0.058209645
2026-02-12 10:00:00,67508.088,67989.74,67363.174,67975.57,1.663743803
2026-02-12 11:00:00,67982.9015,68244.233,67506.813181374,68029.223,0.019909831
2026-02-12 12:00:00,68033.0685,68131.733,67666.564,67819.425,0.095566362
2026-02-12 13:00:00,67825.296,68361.5215,67506.813181374,68349.44,0.379455397
2026-02-12 14:00:00,68328.3065,68388.05,67448.5,67550.57,0.151652101
2026-02-12 15:00:00,67555.553,68374.532573,66986.3845,67108.8,0.031630769
2026-02-12 16:00:00,67102.79,67506.813181374,65525.470689655,65817.05,0.194687417
2026-02-12 17:00:00,65814.4165,67260.507762655,65327.27,65363.8045,0.227815096
2026-02-12 18:00:00,65361.165,67090.5570237385,65064.4165,65537.75,0.148285806
2026-02-12 19:00:00,65554.831,67014.2023439355,65223.575,65726.462,1.484058052
2026-02-12 20:00:00,65737.35,65997.2,65161.6395,65381.715,0.063929582
2026-02-12 21:00:00,65366.35,65842.7,65366.35,65773.73,0.124577015
2026-02-12 22:00:00,65771.0385,66347.77,65577.435,66214.01,0.062413825
2026-02-12 23:00:00,66212.35,66439.605,66093.22,66218.5245,0.013313197
2026-02-13 00:00:00,66216.3,66474.7545,65805.943,65859.7,0.00839075
2026-02-13 01:00:00,65856.76,67124.473831,65831.59,66394.4335,0.010542696
2026-02-13 02:00:00,66397.14,67124.473831,66320.2395,66607.305,0.021639514
2026-02-13 03:00:00,66619.78,66747.1605,66395.912,66492.598,0.015322654
2026-02-13 04:00:00,66498.8155,66619.9455,66239.6,66265.214,0.050575164
2026-02-13 05:00:00,66282.18,66454.4005,66125.7585,66126.0145,0.044007262
2026-02-13 06:00:00,66131.665,66350.649,65943.5825,66301.545,0.067988036
2026-02-13 07:00:00,66312.372,67124.473831,65980.485,66154.26,0.026677181
2026-02-13 08:00:00,66166.75,66693.879,66123.8725,66640.76,0.034204351
2026-02-13 09:00:00,66655.1925,67021.235,66543.71,66900.145,0.10026814
2026-02-13 10:00:00,66901.313,67059.0045,66744.99,66933.98,0.032112274
2026-02-13 11:00:00,66930.0,67167.605,66721.443,67115.5,0.023924991
2026-02-13 12:00:00,67106.4815,67164.3585,66858.8725,67024.1,0.029440425
2026-02-13 13:00:00,67025.565,67566.005,66875.226,67208.1,0.041245988
2026-02-13 14:00:00,67217.767,67988.061,66819.6435,67684.81,0.320476703
2026-02-13 15:00:00,67682.3615,70212.505,67124.473831,68643.165,0.026109467
2026-02-13 16:00:00,68658.071,69878.5,68487.3915,68933.235,0.025680203
2026-02-13 17:00:00,68927.52,70336.815,68576.75,68998.49,0.037367953
2026-02-13 18:00:00,68989.1675,70678.5,68849.84,69095.4435,0.097812256
2026-02-13 19:00:00,69086.68,70206.61,68862.8,68912.271,0.031851646
2026-02-13 20:00:00,68895.0,68946.434,68659.055,68747.6,0.038711263
2026-02-13 21:00:00,68736.722,69040.435,68691.59,68855.9665,0.0018875
2026-02-13 22:00:00,68862.7,68972.58,68685.71,68953.7,0.019880722
2026-02-13 23:00:00,68964.4775,68978.4,68781.9995,68828.7,0.006960628
2026-02-14 00:00:00,68805.084,69104.3085,68738.2485,69083.5145,0.029066513
2026-02-14 01:00:00,69064.514,69107.5,68884.4175,68930.1345,0.014205562
2026-02-14 02:00:00,68940.402,68986.4595,68810.964,68837.2065,0.001634196
2026-02-14 03:00:00,68843.155,69008.05,68813.31,68947.43,0.002501211
2026-02-14 04:00:00,68945.83,68975.1335,68760.5,68770.645,0.024086242
2026-02-14 05:00:00,68772.0345,68904.067,68720.979,68739.775,0.030321007
2026-02-14 06:00:00,68755.4,68906.6195,68692.905,68899.915,0.147897761
2026-02-14 07:00:00,68892.5,69316.0035,68848.6335,69181.804,0.003599786
2026-02-14 08:00:00,69169.213,70114.9120304565,69169.213,69721.72,0.0775388
2026-02-14 09:00:00,69712.145,69875.0,69539.76,69673.665,0.00565115
2026-02-14 10:00:00,69681.45,69702.897,69534.971,69638.057,0.001699472
2026-02-14 11:00:00,69657.45,70524.77,69634.7375,70484.215,0.239255152
2026-02-14 12:00:00,70459.214,70647.885,69596.2075,69624.585,0.019422354
2026-02-14 13:00:00,69603.74,69760.595,69207.63,69439.4005,0.027811978
2026-02-14 14:00:00,69434.3845,69861.345,69313.3045,69693.485,0.016590876
2026-02-14 15:00:00,69683.1375,70037.607,69536.8065,69759.3,0.024710887
2026-02-14 16:00:00,69779.9935,69814.09,69259.32,69730.7315,0.015677119
2026-02-14 17:00:00,69726.548,69905.906,69570.4,69720.868,0.012424591
2026-02-14 18:00:00,69712.2285,69841.344,69639.35,69740.105,0.016201933
2026-02-14 19:00:00,69752.467,69891.23,69586.9,69858.0,0.056693411
2026-02-14 20:00:00,69855.4095,70011.2875,69717.2,69983.2485,0.002368763
2026-02-14 21:00:00,69979.95,70438.150609137,69638.7995,69895.4925,0.001468651
2026-02-14 22:00:00,69896.965,70062.575,69736.625,69912.171,0.000399334
2026-02-14 23:00:00,69927.639,70006.197,69683.681,69787.945,0.004547549
2026-02-15 00:00:00,69787.705,69831.705,65942.586758,69732.274,0.037397984
2026-02-15 01:00:00,69739.15,69867.564,68358.627367137,69683.6,0.003122374
2026-02-15 02:00:00,69653.3045,69734.2755,68358.627367137,69441.0745,0.019628567
2026-02-15 03:00:00,69452.85,70363.875609137,68358.627367137,69945.6805,0.005315712
2026-02-15 04:00:00,69931.885,70489.036,69916.72,70157.5515,0.008772577
2026-02-15 05:00:00,70158.0055,70452.26,70102.9745,70236.4,0.02896822
2026-02-15 06:00:00,70232.56,70555.0,70149.718,70391.1515,0.09908927
2026-02-15 07:00:00,70374.12,70914.816,70269.215,70797.51,0.297542769
2026-02-15 08:00:00,70796.33,70949.2,70147.8,70424.36,0.007002727
2026-02-15 09:00:00,70427.25,70646.5,70343.118,70390.755,0.075099128
2026-02-15 10:00:00,70389.7415,70494.8415,70180.88,70408.762,0.008725815
2026-02-15 11:00:00,70398.185,70521.7425,70231.736,70271.1,0.037986
2026-02-15 12:00:00,70251.2,70389.7,69275.5445,69283.27,0.01765482
2026-02-15 13:00:00,69295.3445,70127.835,68735.6,68887.103,0.00928002
2026-02-15 14:00:00,68885.13,69192.193,68805.02,69155.6375,0.006445705
2026-02-15 15:00:00,69144.3,69232.542,68845.1625,69069.943,0.016979066
2026-02-15 16:00:00,69070.5,69490.147783251,68746.09,69000.54,0.018707665
2026-02-15 17:00:00,68993.15,69490.147783251,68166.125,68589.98,0.023755917
2026-02-15 18:00:00,68603.893,69747.595,68323.53,68411.9135,0.02432681
2026-02-15 19:00:00,68405.8845,69490.147783251,68025.896,68241.7075,0.023260597
2026-02-15 20:00:00,68251.1775,68536.0,68085.3005,68414.2815,0.015225721
2026-02-15 21:00:00,68413.535,68932.436,68413.535,68806.422,0.000556404
2026-02-15 22:00:00,68825.46,69054.6,68765.074,68953.5855,0.027471517
2026-02-15 23:00:00,68963.3475,68963.3475,68285.682,68795.485,0.003667739
2026-02-16 00:00:00,68799.7355,69027.865,68654.5295,68805.297,0.007401653
2026-02-16 01:00:00,68821.635,69013.75,68416.578,68588.615,0.036283385
2026-02-16 02:00:00,68589.663,68723.5,68208.015,68291.0755,0.316961744
2026-02-16 03:00:00,68295.516,68437.025,68107.561,68394.2855,0.242836501
2026-02-16 04:00:00,68378.733,68887.51,68378.733,68843.4515,0.136825042
2026-02-16 05:00:00,68846.7,68874.805,68255.9285,68351.2175,0.564927672
2026-02-16 06:00:00,68367.45,68513.572,68192.015,68417.586,1.751518026
2026-02-16 07:00:00,68412.0435,68655.1355,68319.6,68557.8175,0.730309879
2026-02-16 08:00:00,68554.666,68784.542,68526.0,68741.395,0.019305285
2026-02-16 09:00:00,68736.55,69069.69,68700.8325,68977.895,0.018994398
2026-02-16 10:00:00,68957.55,68969.8,68671.062,68745.58,0.012352989
2026-02-16 11:00:00,68749.1,68899.048,68307.306,68784.475,0.01366916
2026-02-16 12:00:00,68787.747,69810.105,68768.7435,69734.89,0.032405312
2026-02-16 13:00:00,69741.2905,70094.635,68198.0695,68371.206,0.485025176
2026-02-16 14:00:00,68353.2,69490.147783251,68225.92,68393.98,1.746657006
2026-02-16 15:00:00,68392.05,69490.147783251,65471.073891625,67493.4735,0.652169101
2026-02-16 16:00:00,67512.9855,69382.56,67460.74,67846.6745,0.057527137
2026-02-16 17:00:00,67853.951,68150.2463054185,67559.239,67932.095,0.026646075
2026-02-16 18:00:00,67926.045,68209.005,67802.61,67827.854,0.111062645
2026-02-16 19:00:00,67824.7585,68115.3935,67787.555,67883.65,0.033463571
2026-02-16 20:00:00,67872.417,68528.7,67788.954,68492.92,0.049386407
2026-02-16 21:00:00,68498.847,68903.35,68150.2463054185,68835.39,0.004882112
2026-02-16 22:00:00,68852.4885,68870.489,68473.3825,68560.1125,0.039773342
2026-02-16 23:00:00,68566.6,68960.4585,68504.0235,68876.089,0.003331644
2026-02-17 00:00:00,68879.0835,69019.653,68150.2463054185,68857.875,0.003271221
2026-02-17 01:00:00,68841.664,68978.795,68531.064,68582.65,0.018993193
2026-02-17 02:00:00,68584.42,69196.992,68150.2463054185,68815.1135,0.010291915
2026-02-17 03:00:00,68810.164,68841.175,68429.48,68449.6325,0.002266788
2026-02-17 04:00:00,68431.3625,68997.5369458125,68222.71,68452.598,0.003087355
2026-02-17 05:00:00,68439.59,68997.5369458125,67853.2,68203.94,0.002797922
2026-02-17 06:00:00,68217.8035,68485.755,68188.7,68374.0175,0.00501828
2026-02-17 07:00:00,68366.712,68469.669,68130.908,68353.7405,0.019049038
2026-02-17 08:00:00,68347.061,68997.5369458125,68087.5225,68131.18,0.084102875
2026-02-17 09:00:00,68133.619,68280.9,67945.59,68079.65,0.008106369
2026-02-17 10:00:00,68077.436,68997.5369458125,67663.225,67803.06,0.075496756
2026-02-17 11:00:00,67814.6,67892.273,67639.1315,67808.296,0.005548812
2026-02-17 12:00:00,67806.299,68267.876,67777.036,67883.21,0.009444367
2026-02-17 13:00:00,67872.6835,68997.5369458125,67687.5145,68090.5825,0.031897251
2026-02-17 14:00:00,68079.6095,69494.165,66682.1515,66827.441,0.038332942
2026-02-17 15:00:00,66829.8,68150.2463054185,66567.2065,67355.465,0.140439668
2026-02-17 16:00:00,67366.4995,69231.22,67284.806,67499.8,0.037413876
2026-02-17 17:00:00,67502.447,69087.58,66838.8355,67188.954,0.038028386
2026-02-17 18:00:00,67208.8065,68751.2315270935,67076.583,68053.0695,0.017193341
2026-02-17 19:00:00,68060.08,68206.549,67707.6,67758.53,0.009336521
2026-02-17 20:00:00,67765.635,68862.068965517,67442.58,67713.61,0.011883087
2026-02-17 21:00:00,67719.95,69303.555,67490.469,67643.695,0.012865622
2026-02-17 22:00:00,67635.162,68862.068965517,67475.24,67501.108,0.076670892
2026-02-17 23:00:00,67486.93,68862.068965517,67348.0255,67469.765,0.005782732
2026-02-18 00:00:00,67477.515,67614.263,67247.375,67267.045,0.01102091
2026-02-18 01:00:00,67266.845,68862.068965517,66853.3875,67129.0465,0.004267647
2026-02-18 02:00:00,67130.9105,67396.64,67096.8145,67297.0655,0.006033636
2026-02-18 03:00:00,67305.353,67675.08,67283.005,67582.015,0.00592848
2026-02-18 04:00:00,67589.06,68862.068965517,67445.997,67789.5915,0.006559725
2026-02-18 05:00:00,67776.602,67907.7415,67524.37,67613.121,0.000663
2026-02-18 06:00:00,67604.106,67949.3,67568.35,67812.0005,0.004180631
2026-02-18 07:00:00,67813.305,68194.526,67656.175,68084.2,0.032854328
2026-02-18 08:00:00,68081.6,68862.068965517,68035.09,68095.325,0.010282135
2026-02-18 09:00:00,68092.97,68292.49,67967.275,68128.5635,0.062452365
2026-02-18 10:00:00,68108.343,68167.32,67689.46,67760.125,0.020588929
2026-02-18 11:00:00,67765.9365,68862.068965517,67043.137,67335.4185,0.012183419
2026-02-18 12:00:00,67345.41,67674.8,67302.755,67418.95,0.019893751
2026-02-18 13:00:00,67435.8445,67598.2,67019.47,67215.6265,0.02166514
2026-02-18 14:00:00,67217.911,68862.068965517,66678.3905,67176.26,0.081435995
2026-02-18 15:00:00,67199.678,68751.2315270935,67148.952,67662.145,0.024097056
2026-02-18 16:00:00,67663.45,68751.2315270935,66953.5505,67109.995,0.152312678
2026-02-18 17:00:00,67125.139,69384.2574257425,66992.9,67157.665,0.037968858
2026-02-18 18:00:00,67163.091,68751.2315270935,66201.7,66309.626,0.229853099
2026-02-18 19:00:00,66317.06,72420.0,65830.8775,66132.85,0.365949696
2026-02-18 20:00:00,66130.485,66512.9095,66092.094,66228.478,0.169465913
2026-02-18 21:00:00,66228.1785,69160.1690886695,66054.9,66301.3315,0.003212008
2026-02-18 22:00:00,66304.5225,66451.885,66192.215,66372.657,0.155068833
2026-02-18 23:00:00,66373.424,66479.405,66227.865,66428.03,0.062184746
2026-02-19 00:00:00,66426.752,66572.125,66297.92,66404.2,0.027183844
2026-02-19 01:00:00,66413.7465,69160.1690886695,66411.4615,66827.94,0.101446014
2026-02-19 02:00:00,66842.65,66950.49,66597.4495,66804.664,0.00281
2026-02-19 03:00:00,66801.45,69569.775,66688.0295,66943.985,0.032462536
2026-02-19 04:00:00,66954.014,67046.6275,66727.915,66774.77,0.001664
2026-02-19 05:00:00,66783.286,66862.247,66644.8,66849.627,0.034412299
2026-02-19 06:00:00,66848.8865,67274.8,66824.719,67120.947,0.052205665
2026-02-19 07:00:00,67117.343,67298.8835,66995.904,67183.48,0.004025157
2026-02-19 08:00:00,67172.9505,67178.2,66791.952,66937.1195,0.015808232
2026-02-19 09:00:00,66935.815,67167.0,66716.1425,66825.8335,0.015326123
2026-02-19 10:00:00,66806.211,69569.775,66708.6,66812.1345,0.124121636
2026-02-19 11:00:00,66808.8695,66915.132,66442.141,66457.1,0.0512332
2026-02-19 12:00:00,66473.08,69176.9178571425,66291.616,66486.8125,0.018900964
2026-02-19 13:00:00,66494.42,69176.9178571425,65739.0038571425,65888.315,0.086400292
2026-02-19 14:00:00,65878.18,69908.58355469,64930.03030303,66389.2,0.243883205
2026-02-19 15:00:00,66398.11,69053.765147783,65937.75,66373.595,0.18628527
2026-02-19 16:00:00,66374.25,69053.765147783,65857.0835,66269.0595,0.164472044
2026-02-19 17:00:00,66266.02,69053.765147783,66148.5715,66331.41,0.012523264
2026-02-19 18:00:00,66328.36,69285.292241379,66183.59,66993.255,0.030580849
2026-02-19 19:00:00,66999.925,69285.292241379,66667.405,67039.376,0.012203582
2026-02-19 20:00:00,67023.86,69285.292241379,66805.057,67126.7,0.013278318
2026-02-19 21:00:00,69285.292241379,69285.292241379,66867.59,66883.06,0.007883823
2026-02-19 22:00:00,66885.6,66983.66,66617.2295,66881.145,0.021862079
2026-02-19 23:00:00,66900.35,67003.2115,66783.055,66971.475,0.001107
2026-02-20 00:00:00,66988.8,69285.292241379,66909.1685,67178.425,0.006214456
2026-02-20 01:00:00,67214.945,69285.292241379,67120.33,67244.47,0.060629358
2026-02-20 02:00:00,67256.795,69285.292241379,67145.6685,67204.365,0.003724
2026-02-20 03:00:00,67210.4345,69285.292241379,67203.08,67313.915,0.015128046
2026-02-20 04:00:00,67328.3465,69285.292241379,67075.875,67242.1,0.222907605
2026-02-20 05:00:00,67252.2935,69324.701108374,67151.334,67780.96,0.011433397
2026-02-20 06:00:00,67777.492,67880.4,67635.6205,67833.9415,0.023532216
2026-02-20 07:00:00,67823.043,69324.701108374,67739.98,67802.42,0.004566676
2026-02-20 08:00:00,67812.216,67938.539,67700.92,67848.405,0.019375084
2026-02-20 09:00:00,67846.419,69817.3119458125,67846.419,68186.65,0.016719499
2026-02-20 10:00:00,68177.978,69817.3119458125,67857.25,67924.996,0.121910591
2026-02-20 11:00:00,67921.135,69817.3119458125,67260.2725,67304.8005,0.040480352
2026-02-20 12:00:00,67314.55,69817.3119458125,67242.856,67514.625,0.006767488
2026-02-20 13:00:00,67515.0855,69817.3119458125,66418.8,66793.9985,0.029468145
2026-02-20 14:00:00,66770.4485,70082.4581683165,66464.511108374,67047.525,0.095750615
2026-02-20 15:00:00,67065.34,74102.0080634515,66256.8857043335,67570.55,0.612685009
2026-02-20 16:00:00,67574.84,69468.543472906,67247.9,67791.803,0.557214658
2026-02-20 17:00:00,67780.219,69468.543472906,66665.893472906,67590.191,0.032217517
2026-02-20 18:00:00,67594.565,70470.779950495,67430.6645,67911.825,0.088535388
2026-02-20 19:00:00,67908.27,69324.701108374,67525.025,67615.995,0.018094734
2026-02-20 20:00:00,67633.835,69324.701108374,66873.556108373,67731.225,0.009808935
2026-02-20 21:00:00,67743.602,67847.0,67610.0135,67785.5175,0.000624183
2026-02-20 22:00:00,67782.9375,68096.214327,67070.404435374,68049.05,0.016666064
2026-02-20 23:00:00,68047.695,69324.701108374,67842.194,67998.0565,0.001924263
2026-02-21 00:00:00,67992.02,68070.624,67739.0,67810.375,0.107429566
2026-02-21 01:00:00,67806.8125,67992.375,67801.87,67937.5375,0.017501167
2026-02-21 02:00:00,67940.551,68086.3795,67890.6795,67988.05,0.041990752
2026-02-21 03:00:00,67969.304025,68044.97087175,67503.35,67639.37,0.007736224
2026-02-21 04:00:00,67631.9975,67971.16724925,67547.176,67798.20810925,0.008154203
2026-02-21 05:00:00,67791.62310925,67880.67,67768.3,67834.992,0.00599743
2026-02-21 06:00:00,67853.395,67936.32,67732.934,67767.8875,0.045502692
2026-02-21 07:00:00,67763.175,67879.51,67724.65,67838.151,0.329514309
2026-02-21 08:00:00,67840.235,68070.2755,67787.93,68029.566,0.055699226
2026-02-21 09:00:00,68041.658,68283.407,67951.05,68140.875,0.002744693
2026-02-21 10:00:00,68131.64,68246.5,68118.4,68187.434,0.092221238
2026-02-21 11:00:00,68221.968,68284.56,68075.3646475,68084.39,0.007718583
2026-02-21 12:00:00,68094.6476475,68204.05,67897.5805,68200.6225,0.001346705
2026-02-21 13:00:00,68183.284,68244.245,68090.4,68240.635,0.045319649
2026-02-21 14:00:00,68269.0,68590.041852,67967.70510025,68429.85,0.01399395
2026-02-21 15:00:00,68432.3395,68685.579,67833.8054645,68601.65,0.0179505
2026-02-21 16:00:00,68602.565,68651.64,67910.33113,68330.094,0.070651265
2026-02-21 17:00:00,68305.45,68537.9210322315,68176.2455,68425.043,0.028426995
2026-02-21 18:00:00,68423.105,69030.53186967,67410.709588374,68575.155,0.020529136
2026-02-21 19:00:00,68563.705,68656.0,68489.62,68553.4265,0.024926698
2026-02-21 20:00:00,68547.35,70687.8633020275,67963.0941793125,68200.0,0.006391191
2026-02-21 21:00:00,68197.611,69030.53186967,68163.92,68376.915,0.009441994
2026-02-21 22:00:00,68341.705,68426.44,67736.7595208125,67962.9115,0.000438
2026-02-21 23:00:00,67957.05,68124.77,67899.721,67952.7625,0.007990788
2026-02-22 00:00:00,67968.3305,68048.49,67780.9,67920.22,0.037486099
2026-02-22 01:00:00,67943.5,68182.618,67908.723,68141.945,0.019867852
2026-02-22 02:00:00,68148.3,68238.932,67140.402921374,67886.06,0.001151
2026-02-22 03:00:00,67873.2095,68068.16,67140.402921374,68026.6905,0.002996813
2026-02-22 04:00:00,68031.7465,68083.7,67933.413,67953.095,0.001734485
2026-02-22 05:00:00,67956.054,68021.45,67854.48,67952.88,0.000874
2026-02-22 06:00:00,67960.225,68166.1425,67140.402921374,68031.815,0.010276758
2026-02-22 07:00:00,68004.5475,68102.992,67140.402921374,67990.69,0.005941
2026-02-22 08:00:00,67998.274,68026.56,67890.966,67938.31,0.042398542
2026-02-22 09:00:00,67942.5425,68095.0235,67933.16,68034.8795,0.020013148
2026-02-22 10:00:00,68032.2345,68147.59,67983.661,68102.6775,0.005818616
2026-02-22 11:00:00,68119.1905,68262.9,68110.45,68202.79,0.00864531
2026-02-22 12:00:00,68219.007,68226.24,67534.491591325,67924.923,0.143801579
2026-02-22 13:00:00,67934.4625,68042.8,67534.491591325,67620.2955,0.004786867
2026-02-22 14:00:00,67613.56,67695.81,67334.9955,67418.735,0.004287296
2026-02-22 15:00:00,67426.6075,67806.475,67276.4825,67664.14,0.020064832
2026-02-22 16:00:00,67663.983,67718.092,67491.027,67606.1025,0.470163853
2026-02-22 17:00:00,67612.682,67645.21,67140.402921374,67362.2355,0.01731289
2026-02-22 18:00:00,67349.995,67447.139,67291.132,67401.0735,0.037047423
2026-02-22 19:00:00,67405.255,67487.6,67345.424,67409.105,0.00136
2026-02-22 20:00:00,67406.425,67475.69,67315.8115,67383.2,0.119559891
2026-02-22 21:00:00,67382.435,67620.7875,67378.86,67581.805,0.074668923
2026-02-22 22:00:00,67598.7455,67733.2,67457.5,67656.6565,0.000317
2026-02-22 23:00:00,67648.4325,67716.878,67438.4885,67605.819,0.088570508
2026-02-23 00:00:00,67622.819,68178.090070265,66688.065,66716.1245,0.024800598
2026-02-23 01:00:00,66707.6975,68409.9252651145,64315.014,64425.287,0.220361141
2026-02-23 02:00:00,64407.84,67106.6614988365,64310.102,64774.552,0.174147385
2026-02-23 03:00:00,64782.1,67106.6614988365,64678.505,64944.7555,0.216703454
2026-02-23 04:00:00,64926.754,65046.18,64650.99,64789.8875,1.129516622
2026-02-23 05:00:00,64802.05,67106.6614988365,64788.55,65057.1255,1.048337484
2026-02-23 06:00:00,65056.79,65798.6475,65013.705,65756.195,0.050270908
2026-02-23 07:00:00,65748.82,66014.91,65652.9465,65949.621,0.020206091
2026-02-23 08:00:00,65940.293,65954.9145,65554.07,65672.675,0.070890644
2026-02-23 09:00:00,65665.1445,66880.7731739635,65657.3,66402.243,0.012033755
2026-02-23 10:00:00,66408.212,66598.8,66208.725,66327.095,0.008652384
2026-02-23 11:00:00,66305.349,67311.807656722,66095.1695,66201.3915,0.01028489
2026-02-23 12:00:00,66215.433,67311.807656722,65886.425,66287.311,0.009858559
2026-02-23 13:00:00,66292.3215,67311.807656722,66090.45,66115.7,1.033515125
2026-02-23 14:00:00,66133.49,67311.807656722,65507.6475,65906.2385,0.893141005
2026-02-23 15:00:00,65912.08,67311.807656722,65555.32,65641.843,0.033828572
2026-02-23 16:00:00,65644.4105,67311.807656722,65165.7975,65354.6,1.03963894
2026-02-23 17:00:00,65354.935,66012.3152709355,64169.415788177,64794.284,1.219323383
2026-02-23 18:00:00,64734.096,65183.941,64564.915,64613.3545,0.124032709
2026-02-23 19:00:00,64621.04,64916.0098522165,64085.3505,64287.8,0.085024086
2026-02-23 20:00:00,64279.75,64635.2216748765,63857.385,64464.633,0.389789178
2026-02-23 21:00:00,64462.88,64783.8,64427.52,64574.135,0.032519523
2026-02-23 22:00:00,64583.1775,64999.684,64534.65,64711.68,0.080582767
2026-02-23 23:00:00,64706.97,64905.95,64504.455,64628.779,0.00345845
2026-02-24 00:00:00,64633.316,64999.592,64629.65,64911.135,0.315897358
2026-02-24 01:00:00,64897.967,64918.215,63389.645566502,64139.8315,0.108029486
2026-02-24 02:00:00,64134.455,64475.9145,63964.65,64096.299,0.006541642
2026-02-24 03:00:00,64075.74,64334.0926836105,63384.4686836105,63572.3865,0.203786017
2026-02-24 04:00:00,63567.043,64334.0926836105,62845.938,63350.665,0.170196017
2026-02-24 05:00:00,63354.095,63534.84,62676.5435,63082.625,0.105357923
2026-02-24 06:00:00,63096.9745,63307.2,62870.526,63071.536,0.044396632
2026-02-24 07:00:00,63056.38,63344.8405,62901.367,63182.96,0.067624769
2026-02-24 08:00:00,63160.35,63420.715,62978.25,63383.3455,0.298567387
2026-02-24 09:00:00,63375.728,63407.0455,62905.5,63248.7335,1.008823948
2026-02-24 10:00:00,63229.8525,63355.915,62868.217093596,63277.6865,0.006794815
2026-02-24 11:00:00,63257.2925,63352.02,63046.9595,63206.97,1.122796752
2026-02-24 12:00:00,63205.5,63353.36,62953.3405,62955.9805,0.205436065
2026-02-24 13:00:00,62957.857,63293.399593596,62549.55,62883.585,0.017702138
2026-02-24 14:00:00,62884.8035,63841.8,62757.098,63458.6825,0.129450616
2026-02-24 15:00:00,63453.9,64032.63,63183.522063596,63988.19,0.172113638
2026-02-24 16:00:00,63987.6235,64437.07,63293.399593596,64252.145,0.185385418
2026-02-24 17:00:00,64274.485,64517.3775,64050.603,64227.3055,0.045601519
2026-02-24 18:00:00,64205.974,64539.998,63932.227,64434.7995,0.167188474
2026-02-24 19:00:00,64424.89,64716.182344,64258.201844,64451.85,0.071403007
2026-02-24 20:00:00,64437.3,64601.7605,64310.4275,64476.65,0.143845749
2026-02-24 21:00:00,64468.747,64474.304,63837.555,64045.625,0.004490458
2026-02-24 22:00:00,64039.58,64258.201844,63965.98,64127.535,0.024940194
2026-02-24 23:00:00,64113.455,64251.2275,63851.925,64061.71,0.002834519
2026-02-25 00:00:00,64074.455,64328.041,63914.8785,64236.2,0.005599233
2026-02-25 01:00:00,64223.241,66306.006,62323.901462617,65895.5955,1.044538541
2026-02-25 02:00:00,65887.75,66312.755,65760.298103448,65889.975,0.055977697
2026-02-25 03:00:00,65891.058,65957.685,65337.99,65385.7555,0.065882796
2026-02-25 04:00:00,65394.747,65760.298103448,65127.3215,65453.758,0.026291711
2026-02-25 05:00:00,65453.935,65760.298103448,64737.8,64877.35,0.030441044
2026-02-25 06:00:00,64888.2715,65153.381,64849.46,64884.6,0.026334208
2026-02-25 07:00:00,64907.994,65379.7989964695,64771.0275,65029.837,0.165422015
2026-02-25 08:00:00,65034.4105,65588.985,64893.186554674,65515.9435,0.005996789
2026-02-25 09:00:00,65516.1855,65692.645,64893.186554674,65550.63,0.013009035
2026-02-25 10:00:00,65551.2455,65658.195,64433.365010174,65385.3715,0.41544499
2026-02-25 11:00:00,65385.3995,65480.8,64433.365010174,65415.2,0.064806021
2026-02-25 12:00:00,65410.3415,66215.547185,64531.729965674,66079.015,0.209767373
2026-02-25 13:00:00,66076.226,66676.32,64662.883239674,66253.065,0.046339986
2026-02-25 14:00:00,66240.5675,67017.342,64466.836554674,66967.95,0.185950278
2026-02-25 15:00:00,66975.331,67597.7475,65253.072972674,67421.093,0.192866126
2026-02-25 16:00:00,67430.0125,68349.58,65445.169414674,68310.671,2.033142649
2026-02-25 17:00:00,68311.845,68910.22,64239.171554674,68676.445,0.155729145
2026-02-25 18:00:00,68688.5115,69689.785,67013.4044334975,69355.538,0.139488912
2026-02-25 19:00:00,69354.6375,69435.59,67013.4044334975,69050.95,0.071658583
2026-02-25 20:00:00,69063.692,69403.22,67013.4044334975,69166.699,0.032261014
2026-02-25 21:00:00,69168.04,69974.7,67013.4044334975,68935.3575,0.533434056
2026-02-25 22:00:00,68931.759,69212.65,66354.4544334975,68471.7515,0.045616446
2026-02-25 23:00:00,68445.5885,68714.1,66596.8255334975,67989.963,0.145978641
2026-02-26 00:00:00,67999.004,68560.075,66596.8255334975,68351.807,0.002341982
2026-02-26 01:00:00,68352.749,68714.9,66596.8255334975,68255.6415,0.012487444
2026-02-26 02:00:00,68270.746,68350.5965,67811.9765,68267.05,0.010825485
2026-02-26 03:00:00,68265.8,68384.2,67948.630636202,68230.5825,0.016129977
2026-02-26 04:00:00,68214.615,68865.2,67999.849657364,68589.415,0.032419987
2026-02-26 05:00:00,68557.255,68571.8455,66305.6544334975,68454.765,0.066399204
2026-02-26 06:00:00,68439.3305,68541.5,66305.6544334975,68187.5395,0.084675249
2026-02-26 07:00:00,68166.745,68297.979,67825.379,67834.615,0.021005998
2026-02-26 08:00:00,67844.07,68257.695,66305.6544334975,67960.77,0.017010429
2026-02-26 09:00:00,67949.0025,68673.56,66305.6544334975,68596.7,0.829191817
2026-02-26 10:00:00,68592.46,68730.83,68258.155,68295.9455,0.808762155
2026-02-26 11:00:00,68307.43,68405.9275,67951.72,68038.005,0.511607191
2026-02-26 12:00:00,68059.5265,68309.3955,68006.2845,68175.58,0.009867124
2026-02-26 13:00:00,68174.43,68227.52,67853.425,67890.225,0.061988769
2026-02-26 14:00:00,67896.1885,68260.737,65404.0659334975,67700.6475,0.068088546
2026-02-26 15:00:00,67704.436,67902.339545,66172.0439784975,67387.6825,0.091908562
2026-02-26 16:00:00,67385.17,68001.156376683,66489.005,66652.9025,0.637502493
2026-02-26 17:00:00,66637.7255,67094.7040770195,66588.925,66820.306,0.109899466
2026-02-26 18:00:00,66828.972,67452.339545,66569.2445,67298.95,0.043569527
2026-02-26 19:00:00,67310.5535,67778.8905,67288.305,67592.9015,0.152225299
2026-02-26 20:00:00,67583.874,67838.27,67290.059,67417.89,0.01404242
2026-02-26 21:00:00,67411.105,67583.063,67139.112,67461.375,0.004534955
2026-02-26 22:00:00,67464.266,67642.195,67313.2,67576.9665,0.003489416
2026-02-26 23:00:00,67572.5045,67661.794,67394.532,67482.7965,0.007617651
2026-02-27 00:00:00,67502.0485,67558.306,67009.9975,67235.182,0.0032242
2026-02-27 01:00:00,67244.375,67393.433,66878.1075,67364.2005,0.005071796
2026-02-27 02:00:00,67353.4085,67554.875,67147.30231,67278.5145,0.033775855
2026-02-27 03:00:00,67274.2625,67694.91,67068.715,67612.645,0.015364521
2026-02-27 04:00:00,67616.0,68231.243,67248.4396675,67762.7875,0.061759359
2026-02-27 05:00:00,67742.812,67958.313,67678.02,67732.52,0.073805778
2026-02-27 06:00:00,67734.74,67852.4,67529.07,67667.778,0.00534213
2026-02-27 07:00:00,67654.102,67772.1,67452.339545,67699.655,0.195269713
2026-02-27 08:00:00,67682.593,68080.66,67452.339545,67948.53,0.10863925
2026-02-27 09:00:00,67935.585,68170.75,67287.43,67349.345,0.039003453
2026-02-27 10:00:00,67360.98,67452.339545,66573.895,66608.4955,0.273289921
2026-02-27 11:00:00,66619.815,67152.339545,65959.9075,66123.17,0.077528018
2026-02-27 12:00:00,66107.112,67094.7040770195,65737.334,65937.793,0.042711242
2026-02-27 13:00:00,65925.2,66874.014421847,65666.2055,66278.5125,0.034328046
2026-02-27 14:00:00,66277.4935,66874.014421847,65689.1375,65894.86,0.027371648
2026-02-27 15:00:00,65903.129,67025.37793225,65836.91,66104.981,0.053067251
2026-02-27 16:00:00,66097.451,66874.014421847,65466.124876847,65478.574876847,0.140636327
2026-02-27 17:00:00,65490.7,65802.956561847,65107.54,65698.267,0.130595422
2026-02-27 18:00:00,65717.038,65781.511,65216.478,65296.9325,0.045824347
2026-02-27 19:00:00,65303.4935,65463.505,65165.9565,65397.054,0.218529802
2026-02-27 20:00:00,65395.87,65680.019,65349.7416709355,65574.9,0.086462378
2026-02-27 21:00:00,65600.419,65745.89,65383.785,65534.02,0.148895342
2026-02-27 22:00:00,65541.95,67249.348524,63380.2358128075,65644.96,0.023717994
2026-02-27 23:00:00,65632.35,65959.955,65533.75,65863.21,0.059625459
2026-02-28 00:00:00,65868.0485,66055.06,65192.0372128075,65933.956,0.003656733
2026-02-28 01:00:00,65943.12,65992.652,65821.05,65850.9335,0.000364
